{"mean": [0.985098659992218, 0.014899997040629387, 0.985098659992218, 0.004290611483156681, 0.014899997040629387, 0.1077437475323677, 0.0035202165599912405, 0.014899997040629387, 0.10338591039180756, 0.01007810141891241, 0.014899997040629387, 0.11450526863336563, 0.6392667293548584, 0.014899997040629387, 0.7804098725318909, 0.0811222568154335, 0.022804075852036476, 0.275931715965271, 0.03010127879679203, 0.022804075852036476, 0.21128050982952118, 0.06694484502077103, 0.014899997040629387, 0.30430924892425537, 0.08268910646438599, 0.014899997040629387, 0.47455814480781555, 0.16338986158370972, 0.26748737692832947, 0.45838743448257446, 0.12140391021966934, 0.26748737692832947, 0.4051479399204254, 0.25810250639915466, 0.26748737692832947, 0.5841284394264221, -0.5520725846290588, -1.0, -1.0, -1.0, -1.0, -1.0, -0.8695003390312195, -1.0, -0.8334999084472656, -0.8914002180099487, -1.0, -0.32080045342445374, 0.024571038782596588, 0.06541033089160919, 0.022180989384651184], "std": [0.12134741991758347, 0.12134720385074615, 0.12134741991758347, 0.008237517438828945, 0.12134720385074615, 0.0920395627617836, 0.007746357005089521, 0.12134720385074615, 0.06989455968141556, 0.012292551808059216, 0.12134720385074615, 0.09222955256700516, 0.21894405782222748, 0.12134720385074615, 0.2282853126525879, 0.15714049339294434, 0.12107852101325989, 0.2913872301578522, 0.05844448134303093, 0.12107852101325989, 0.19668355584144592, 0.0671166479587555, 0.12134720385074615, 0.20882205665111542, 0.057708289474248886, 0.12134720385074615, 0.1423284262418747, 0.1490006446838379, 0.33323830366134644, 0.20364490151405334, 0.11702168732881546, 0.33323830366134644, 0.23592683672904968, 0.29766765236854553, 0.33323830366134644, 0.31701532006263733, 0.6581767797470093, 0.007071682717651129, 0.007071682717651129, 0.007071682717651129, 0.007071682717651129, 0.007071682717651129, 0.6113358736038208, 0.007071682717651129, 0.686681866645813, 0.5601765513420105, 0.007071682717651129, 1.2547950744628906, 0.08684759587049484, 0.16895079612731934, 0.06914134323596954], "count": 10000.0}