{"mean": [0.9627420902252197, 0.03728169575333595, 0.9568137526512146, 0.025029921904206276, 0.03728169575333595, 0.027550987899303436, 0.025525065138936043, 0.03728169575333595, 0.03817771002650261, 0.028420116752386093, 0.03728169575333595, 0.03648737072944641, 0.6101379990577698, 0.03728169575333595, 0.6852543354034424, 0.07081203907728195, 0.03728169575333595, 0.1505313664674759, 0.0667809545993805, 0.03728169575333595, 0.1453976184129715, 0.06430365145206451, 0.03728169575333595, 0.1928590089082718, 0.14476966857910156, 0.03728169575333595, 0.45206236839294434, 0.11715742945671082, 0.03728169575333595, 0.20923899114131927, 0.1601838320493698, 0.03728169575333595, 0.28344595432281494, 0.27147382497787476, 0.03728169575333595, 0.4014812409877777, -0.7535586357116699, -0.8425359129905701, -0.9293128848075867, -0.9592033624649048, -0.9344133138656616, -0.9607930183410645, -0.9617799520492554, -0.9030590057373047, -0.9113597273826599, -0.9086458683013916, -0.9553763270378113, -0.9240261316299438, 0.08261581510305405, 0.06927865743637085, 0.01153239794075489], "std": [0.19077572226524353, 0.19077572226524353, 0.20451027154922485, 0.10358048230409622, 0.19077572226524353, 0.06787918508052826, 0.10425891727209091, 0.19077572226524353, 0.07543524354696274, 0.10450921952724457, 0.19077572226524353, 0.07333143055438995, 0.3878355622291565, 0.19077572226524353, 0.4008064270019531, 0.15834686160087585, 0.19077572226524353, 0.25760990381240845, 0.14510978758335114, 0.19077572226524353, 0.2591300308704376, 0.12217207252979279, 0.19077572226524353, 0.1890638917684555, 0.17363455891609192, 0.19077572226524353, 0.23160238564014435, 0.19272637367248535, 0.19077572226524353, 0.3017430901527405, 0.2735782265663147, 0.19077572226524353, 0.3336865305900574, 0.3658888041973114, 0.19077572226524353, 0.3935672640800476, 0.4700743556022644, 0.6689726114273071, 0.45530059933662415, 0.3481559157371521, 0.4391104578971863, 0.341475248336792, 0.3372274935245514, 0.530441403388977, 0.5079936385154724, 0.5153728723526001, 0.3637065291404724, 0.4714491367340088, 0.2559467852115631, 0.2325659543275833, 0.06209441274404526], "count": 96000.0}