{"mean": [0.9973087906837463, 0.002770830411463976, 0.9971972107887268, 0.011370950378477573, 0.002770830411463976, 0.0705031007528305, 0.018791992217302322, 0.002770830411463976, 0.0892619639635086, 0.01571517065167427, 0.002770830411463976, 0.07633814215660095, 0.6722014546394348, 0.002770830411463976, 0.7739248871803284, 0.13228856027126312, 0.002770830411463976, 0.33268433809280396, 0.02566411718726158, 0.002770830411463976, 0.11872971802949905, 0.06484907120466232, 0.002770830411463976, 0.23614893853664398, 0.08688036352396011, 0.002770830411463976, 0.4525923728942871, 0.06725320219993591, 0.002770830411463976, 0.2005721777677536, 0.10281820595264435, 0.002770830411463976, 0.30074822902679443, 0.20680107176303864, 0.002770830411463976, 0.36638209223747253, 0.04502476751804352, 0.2925931215286255, 0.5459378361701965, 0.3204996585845947, -0.9192944169044495, -0.26436957716941833, 0.0035632920917123556, -0.4356754720211029, -0.9526498913764954, -0.0033788783475756645, -0.6128912568092346, -0.6909629106521606, 0.24536481499671936, 0.061406251043081284, 0.16203190386295319], "std": [0.056885603815317154, 0.056879885494709015, 0.05893443152308464, 0.05173899978399277, 0.056879885494709015, 0.0871599018573761, 0.11527428776025772, 0.056879885494709015, 0.13026787340641022, 0.05040951445698738, 0.056879885494709015, 0.09367992728948593, 0.303505539894104, 0.056879885494709015, 0.30742165446281433, 0.198796346783638, 0.056879885494709015, 0.34358999133110046, 0.11724430322647095, 0.056879885494709015, 0.1577315479516983, 0.08340080082416534, 0.056879885494709015, 0.2088327258825302, 0.10164418071508408, 0.056879885494709015, 0.1663992553949356, 0.12026036530733109, 0.056879885494709015, 0.24277374148368835, 0.1383105218410492, 0.056879885494709015, 0.28539517521858215, 0.33508557081222534, 0.056879885494709015, 0.3686670660972595, 0.5155354738235474, 1.4856168031692505, 1.499438762664795, 1.489188313484192, 0.485954612493515, 1.2905644178390503, 1.4153705835342407, 1.1722936630249023, 0.3745514750480652, 1.4129831790924072, 1.005623698234558, 0.9118694067001343, 0.25740551948547363, 0.18988868594169617, 0.1726139932870865], "count": 96000.0}