{"mean": [0.9698361158370972, 0.030163396149873734, 0.9698361158370972, 0.0051572285592556, 0.030163396149873734, 0.09585864096879959, 0.004228322301059961, 0.030163396149873734, 0.08738254010677338, 0.009763667359948158, 0.030163396149873734, 0.08619382232427597, 0.687139093875885, 0.030163396149873734, 0.788422167301178, 0.1187141165137291, 0.030163396149873734, 0.337691992521286, 0.01521496381610632, 0.030163396149873734, 0.13169582188129425, 0.05961441993713379, 0.030163396149873734, 0.24675197899341583, 0.07289871573448181, 0.030163396149873734, 0.4437902867794037, 0.09361044317483902, 0.030163396149873734, 0.3019806146621704, 0.09940434992313385, 0.030163396149873734, 0.2919932007789612, 0.19539381563663483, 0.030163396149873734, 0.3859449625015259, -0.45556893944740295, -0.8768319487571716, -0.835358738899231, -0.8152490258216858, -0.8039383888244629, -0.7209879755973816, -0.7951408624649048, -0.7926268577575684, -0.82027667760849, -0.8177632689476013, -0.7951392531394958, -0.827816903591156, 0.07801943272352219, 0.1325129121541977, 0.03181111812591553], "std": [0.1708594262599945, 0.1708594262599945, 0.1708594262599945, 0.021198514848947525, 0.1708594262599945, 0.08277052640914917, 0.013827234506607056, 0.1708594262599945, 0.07613642513751984, 0.01811385154724121, 0.1708594262599945, 0.09159071743488312, 0.27233222126960754, 0.1708594262599945, 0.2770567834377289, 0.18841160833835602, 0.1708594262599945, 0.3248338997364044, 0.037162188440561295, 0.1708594262599945, 0.13237041234970093, 0.07240816205739975, 0.1708594262599945, 0.20952418446540833, 0.08054916560649872, 0.1708594262599945, 0.1578923463821411, 0.131352499127388, 0.1708594262599945, 0.2726758122444153, 0.13514627516269684, 0.1708594262599945, 0.2559254765510559, 0.29997918009757996, 0.1708594262599945, 0.3663698732852936, 0.6102182269096375, 0.5947133898735046, 0.6826953291893005, 0.7204747200012207, 0.7403905987739563, 0.8707104325294495, 0.7560800909996033, 0.7599385380744934, 0.7113852500915527, 0.7158368229866028, 0.7557944059371948, 0.697411060333252, 0.21880246698856354, 0.2956293821334839, 0.08135531842708588], "count": 2387.0}