{"mean": [0.8443139791488647, 0.15568558871746063, 0.8443139791488647, 0.003835569601505995, 0.15568558871746063, 0.0949307233095169, 0.003662147093564272, 0.15568558871746063, 0.08782149106264114, 0.008369740098714828, 0.15568558871746063, 0.08711468428373337, 0.5896812677383423, 0.15568558871746063, 0.6848328113555908, 0.09510041028261185, 0.16017910838127136, 0.2906874716281891, 0.014330918900668621, 0.16017910838127136, 0.13544277846813202, 0.0547776035964489, 0.15568558871746063, 0.23773247003555298, 0.05888894200325012, 0.15568558871746063, 0.3916071057319641, 0.1086718961596489, 0.38815903663635254, 0.3586488962173462, 0.12718963623046875, 0.38815903663635254, 0.3657495081424713, 0.18928995728492737, 0.38815903663635254, 0.47944027185440063, -0.6443495154380798, -0.918009340763092, -0.9019033312797546, -0.9209372401237488, -0.9267932176589966, -0.8843339085578918, -0.878476619720459, -0.9238659739494324, -0.9297221899032593, -0.9370425343513489, -0.9136165976524353, -0.9209374189376831, 0.04128288850188255, 0.056919775903224945, 0.021791093051433563], "std": [0.3621441423892975, 0.3621441423892975, 0.3621441423892975, 0.010765197686851025, 0.3621441423892975, 0.08274669945240021, 0.023290414363145828, 0.3621441423892975, 0.07666033506393433, 0.017140202224254608, 0.3621441423892975, 0.09137635678052902, 0.32194483280181885, 0.3621441423892975, 0.35240378975868225, 0.17070133984088898, 0.36034443974494934, 0.3096466660499573, 0.03507646173238754, 0.36034443974494934, 0.13408222794532776, 0.06604057550430298, 0.3621441423892975, 0.21298149228096008, 0.062167197465896606, 0.3621441423892975, 0.20358411967754364, 0.11478625982999802, 0.4258466064929962, 0.24612286686897278, 0.13286404311656952, 0.4258466064929962, 0.25463566184043884, 0.23990429937839508, 0.4258466064929962, 0.3563801944255829, 0.5522265434265137, 0.4885047972202301, 0.5321473479270935, 0.48003894090652466, 0.46245691180229187, 0.5771454572677612, 0.5908136963844299, 0.4713449776172638, 0.45346811413764954, 0.4293048679828644, 0.5004640221595764, 0.4798874258995056, 0.14987267553806305, 0.1963227540254593, 0.06927043199539185], "count": 2049.0}