{"mean": [0.9949566125869751, 0.005043114069849253, 0.9949566125869751, 0.004284986294806004, 0.005043114069849253, 0.12842607498168945, 0.0034885851200670004, 0.005043114069849253, 0.11931397765874863, 0.009429704397916794, 0.005043114069849253, 0.11812698841094971, 0.6813135147094727, 0.005043114069849253, 0.8108375668525696, 0.09695544093847275, 0.01300185825675726, 0.33352547883987427, 0.018604619428515434, 0.01300185825675726, 0.18739300966262817, 0.06903541088104248, 0.005043114069849253, 0.30179038643836975, 0.07484299689531326, 0.005043114069849253, 0.4687518775463104, 0.13803286850452423, 0.27106210589408875, 0.44806596636772156, 0.1398235410451889, 0.27106210589408875, 0.434772253036499, 0.2179524302482605, 0.27106210589408875, 0.572435200214386, -0.06625110656023026, -1.0, -1.0, -1.0, -1.0, -1.0, -0.6705706715583801, -1.0, -0.7081500887870789, -0.6447046995162964, -1.0, 0.6564175486564636, 0.036959629505872726, 0.1548706591129303, 0.04267360270023346], "std": [0.07091286033391953, 0.07091286033391953, 0.07091286033391953, 0.006864899769425392, 0.07091286033391953, 0.08162420988082886, 0.006339259911328554, 0.07091286033391953, 0.06589949131011963, 0.010452832095324993, 0.07091286033391953, 0.09461036324501038, 0.1930115669965744, 0.07091286033391953, 0.18409430980682373, 0.1682269424200058, 0.0714464858174324, 0.28867271542549133, 0.03421805799007416, 0.0714464858174324, 0.1412094533443451, 0.06562157720327377, 0.07091286033391953, 0.20774899423122406, 0.058732613921165466, 0.07091286033391953, 0.1288469135761261, 0.12196152657270432, 0.3422143757343292, 0.17939911782741547, 0.12305320054292679, 0.3422143757343292, 0.1995835155248642, 0.2460518777370453, 0.3422143757343292, 0.3040599524974823, 0.6852817535400391, 0.005544519051909447, 0.005544519051909447, 0.005544519051909447, 0.005544519051909447, 0.005544519051909447, 0.93719482421875, 0.005544519051909447, 0.8886355757713318, 0.9690330624580383, 0.005544519051909447, 1.490803599357605, 0.08063197135925293, 0.24626947939395905, 0.08892817795276642], "count": 6147.0}