{"mean": [0.857979953289032, 0.1420205533504486, 0.857979953289032, 0.003612424246966839, 0.1420205533504486, 0.09938271343708038, 0.0030913755763322115, 0.1420205533504486, 0.09206832945346832, 0.008134373463690281, 0.1420205533504486, 0.09270945936441422, 0.6019870638847351, 0.1420205533504486, 0.6977970004081726, 0.10074343532323837, 0.1468810737133026, 0.3082149028778076, 0.012023529969155788, 0.1468810737133026, 0.13353097438812256, 0.05753179267048836, 0.1420205533504486, 0.24880477786064148, 0.05849990248680115, 0.1420205533504486, 0.39976799488067627, 0.10208585113286972, 0.3858242332935333, 0.35266292095184326, 0.12848997116088867, 0.3858242332935333, 0.3759656250476837, 0.1822398602962494, 0.3858242332935333, 0.47775033116340637, -0.6208450794219971, -0.8901908993721008, -0.9472909569740295, -0.8814054727554321, -0.9165452718734741, -0.928257405757904, -0.909223735332489, -0.8653007745742798, -0.8960477113723755, -0.9048317074775696, -0.8770137429237366, -0.9311863780021667, 0.031550418585538864, 0.0608023926615715, 0.021220270544290543], "std": [0.34840890765190125, 0.3484084904193878, 0.34840890765190125, 0.0059412503615021706, 0.3484084904193878, 0.08280254900455475, 0.005493138451129198, 0.3484084904193878, 0.07394112646579742, 0.01148962788283825, 0.3484084904193878, 0.09265127032995224, 0.31194570660591125, 0.3484084904193878, 0.3382777273654938, 0.17426398396492004, 0.3465789258480072, 0.3119219243526459, 0.01807142235338688, 0.3465789258480072, 0.11967114359140396, 0.06593560427427292, 0.3484084904193878, 0.2128174751996994, 0.05999329313635826, 0.3484084904193878, 0.19814854860305786, 0.10830174386501312, 0.42290791869163513, 0.23555214703083038, 0.13305893540382385, 0.42290791869163513, 0.24698051810264587, 0.23515547811985016, 0.42290791869163513, 0.34969496726989746, 0.5712544322013855, 0.5619626045227051, 0.39374399185180664, 0.5833771824836731, 0.492241233587265, 0.4577076733112335, 0.5133316516876221, 0.6205011606216431, 0.5482820272445679, 0.5254396796226501, 0.5938953161239624, 0.44872361421585083, 0.1180584728717804, 0.19442367553710938, 0.06571315973997116], "count": 2049.0}