{"mean": [0.8345531821250916, 0.1654464602470398, 0.8345531821250916, 0.0037855335976928473, 0.1654464602470398, 0.09446745365858078, 0.0032958739902824163, 0.1654464602470398, 0.08887108415365219, 0.008487047627568245, 0.1654464602470398, 0.09133294969797134, 0.5686478614807129, 0.1654464602470398, 0.6649709343910217, 0.08900671452283859, 0.17041434347629547, 0.2809479236602783, 0.012434093281626701, 0.17041434347629547, 0.13248535990715027, 0.058394238352775574, 0.1654464602470398, 0.24819710850715637, 0.060632605105638504, 0.1654464602470398, 0.38941121101379395, 0.09909646958112717, 0.3862224519252777, 0.3339828550815582, 0.11684976518154144, 0.3862224519252777, 0.35132458806037903, 0.18254628777503967, 0.3862224519252777, 0.4551471173763275, -0.686242401599884, -0.9136155247688293, -0.931186854839325, -0.9282581806182861, -0.9326505661010742, -0.9165449142456055, -0.9180086851119995, -0.9355780482292175, -0.9516838788986206, -0.9194731712341309, -0.9224013090133667, -0.9326509833335876, 0.039105601608753204, 0.058706071227788925, 0.01896010898053646], "std": [0.37091732025146484, 0.37091732025146484, 0.37091732025146484, 0.006805212702602148, 0.37091732025146484, 0.0859922245144844, 0.006419220939278603, 0.37091732025146484, 0.07663187384605408, 0.012907836586236954, 0.37091732025146484, 0.09308802336454391, 0.32461151480674744, 0.37091732025146484, 0.35652995109558105, 0.16598325967788696, 0.36884361505508423, 0.3048948645591736, 0.021525049582123756, 0.36884361505508423, 0.12818916141986847, 0.06613503396511078, 0.37091732025146484, 0.216237872838974, 0.061835791915655136, 0.37091732025146484, 0.2084818333387375, 0.11663256585597992, 0.4250749349594116, 0.2429751306772232, 0.1314963698387146, 0.4250749349594116, 0.25696811079978943, 0.25610649585723877, 0.4250749349594116, 0.3554699122905731, 0.5287756323814392, 0.5012341141700745, 0.44876769185066223, 0.4579874873161316, 0.44404932856559753, 0.4929540455341339, 0.4886525869369507, 0.4345783591270447, 0.377381831407547, 0.4837823212146759, 0.4757293164730072, 0.44413480162620544, 0.14895504713058472, 0.20598463714122772, 0.06557317078113556], "count": 2049.0}