{"mean": [0.5749660730361938, 0.42504021525382996, 0.567971408367157, 0.025197887793183327, 0.42504021525382996, 0.026993583887815475, 0.026115315034985542, 0.42504021525382996, 0.03332262113690376, 0.028475867584347725, 0.42504021525382996, 0.029103858396410942, 0.4385370910167694, 0.42504021525382996, 0.46908098459243774, 0.06458739936351776, 0.42504021525382996, 0.1151752769947052, 0.037977296859025955, 0.42504021525382996, 0.06811483949422836, 0.0565713495016098, 0.42504021525382996, 0.10207729041576385, 0.09201657027006149, 0.42504021525382996, 0.26464876532554626, 0.0758584588766098, 0.42504021525382996, 0.12357979267835617, 0.08024454116821289, 0.42504021525382996, 0.14970500767230988, 0.14284929633140564, 0.42504021525382996, 0.19669240713119507, -0.6242709159851074, -0.9212372899055481, -0.8719573020935059, -0.875487208366394, -0.9382710456848145, -0.9123875498771667, -0.9137682914733887, -0.8900864720344543, -0.8646251559257507, -0.9037887454032898, -0.9172619581222534, -0.8952813148498535, 0.0610693134367466, 0.03165097162127495, 0.011133331805467606], "std": [0.4950453042984009, 0.49503761529922485, 0.4960564970970154, 0.1077452301979065, 0.49503761529922485, 0.06854088604450226, 0.11165130138397217, 0.49503761529922485, 0.07798290252685547, 0.11246898025274277, 0.49503761529922485, 0.07459881156682968, 0.43748775124549866, 0.49503761529922485, 0.46209651231765747, 0.15957702696323395, 0.49503761529922485, 0.2503073811531067, 0.12472997605800629, 0.49503761529922485, 0.15934714674949646, 0.1400219351053238, 0.49503761529922485, 0.1638912707567215, 0.16898752748966217, 0.49503761529922485, 0.2720467448234558, 0.165811225771904, 0.49503761529922485, 0.22707729041576385, 0.17712268233299255, 0.49503761529922485, 0.2630888819694519, 0.29828786849975586, 0.49503761529922485, 0.33097803592681885, 0.5171024203300476, 0.47987183928489685, 0.6063238978385925, 0.5982636213302612, 0.42650943994522095, 0.5049834847450256, 0.5011345744132996, 0.5635221004486084, 0.6227318048477173, 0.5284411311149597, 0.4914461672306061, 0.5505989193916321, 0.22167159616947174, 0.15257157385349274, 0.06150708347558975], "count": 96000.0}