{"mean": [0.992000162601471, 0.007999999448657036, 0.992000162601471, 0.004137733485549688, 0.007999999448657036, 0.11238817125558853, 0.003482460742816329, 0.007999999448657036, 0.10816354304552078, 0.01011060643941164, 0.007999999448657036, 0.11561060696840286, 0.6528851985931396, 0.007999999448657036, 0.7820947170257568, 0.08577419817447662, 0.014659621752798557, 0.289905309677124, 0.0230857003480196, 0.014659621752798557, 0.18858884274959564, 0.06908674538135529, 0.007999999448657036, 0.3074030578136444, 0.07431349903345108, 0.007999999448657036, 0.46756353974342346, 0.14652720093727112, 0.2515942454338074, 0.44161456823349, 0.12679404020309448, 0.2515942454338074, 0.41378524899482727, 0.2313329428434372, 0.2515942454338074, 0.5562092661857605, -0.35936692357063293, -1.0, -1.0, -1.0, -1.0, -1.0, -1.0, -1.0, -1.0, -1.0, -1.0, 0.3860001862049103, 0.03208938613533974, 0.10444693267345428, 0.04332470893859863], "std": [0.08891338109970093, 0.08891338855028152, 0.08891338109970093, 0.004145415034145117, 0.08891338855028152, 0.08356530964374542, 0.003361562266945839, 0.08891338855028152, 0.06645628064870834, 0.00973361823707819, 0.08891338855028152, 0.08976327627897263, 0.20822079479694366, 0.08891338855028152, 0.2157948613166809, 0.1604379415512085, 0.08908947557210922, 0.29018542170524597, 0.04733627662062645, 0.08908947557210922, 0.16848962008953094, 0.06505860388278961, 0.08891338855028152, 0.2054765224456787, 0.05445011705160141, 0.08891338855028152, 0.13123320043087006, 0.1362612396478653, 0.33599114418029785, 0.19632859528064728, 0.11905526369810104, 0.33599114418029785, 0.21652381122112274, 0.27158123254776, 0.33599114418029785, 0.3217568099498749, 0.704947292804718, 0.0015827169409021735, 0.0015827169409021735, 0.0015827169409021735, 0.0015827169409021735, 0.0015827169409021735, 0.0015827169409021735, 0.0015827169409021735, 0.0015827169409021735, 0.0015827169409021735, 0.0015827169409021735, 1.486282467842102, 0.06745615601539612, 0.21334755420684814, 0.09946127980947495], "count": 500.0}