{"mean": [0.9964940547943115, 0.003500003833323717, 0.9964940547943115, 0.004340494982898235, 0.003500003833323717, 0.1205778643488884, 0.003561368677765131, 0.003500003833323717, 0.11364910006523132, 0.009873511269688606, 0.003500003833323717, 0.1190464049577713, 0.6613446474075317, 0.003500003833323717, 0.7988178730010986, 0.08665434271097183, 0.011428876779973507, 0.30356094241142273, 0.025240736082196236, 0.011428876779973507, 0.2044599950313568, 0.0695011243224144, 0.003500003833323717, 0.3094215393066406, 0.07900936901569366, 0.003500003833323717, 0.47559085488319397, 0.14829705655574799, 0.26055285334587097, 0.45464566349983215, 0.12891097366809845, 0.26055285334587097, 0.41765502095222473, 0.23151572048664093, 0.26055285334587097, 0.5747655630111694, -0.3625176250934601, -1.0, -1.0, -1.0, -1.0, -1.0, -0.8610997796058655, -1.0, -0.8947011828422546, -0.8481994867324829, -1.0, 0.10820021480321884, 0.03140876442193985, 0.09520307183265686, 0.0351005457341671], "std": [0.05946655943989754, 0.059466488659381866, 0.05946655943989754, 0.008140780963003635, 0.059466488659381866, 0.08652480691671371, 0.007700689602643251, 0.059466488659381866, 0.06830541789531708, 0.011680596508085728, 0.059466488659381866, 0.0927964597940445, 0.19746516644954681, 0.059466488659381866, 0.19546367228031158, 0.16093115508556366, 0.06031493470072746, 0.2872835695743561, 0.04995308816432953, 0.06031493470072746, 0.17415179312229156, 0.06612203270196915, 0.059466488659381866, 0.20617738366127014, 0.05783293396234512, 0.059466488659381866, 0.13140356540679932, 0.1343780905008316, 0.32978323101997375, 0.19111962616443634, 0.12044272571802139, 0.32978323101997375, 0.2129131555557251, 0.26566779613494873, 0.32978323101997375, 0.3086314797401428, 0.7086023092269897, 0.007071682717651129, 0.007071682717651129, 0.007071682717651129, 0.007071682717651129, 0.007071682717651129, 0.6298520565032959, 0.007071682717651129, 0.5519545078277588, 0.6571879386901855, 0.007071682717651129, 1.4473026990890503, 0.08011048287153244, 0.19991867244243622, 0.08530007302761078], "count": 10000.0}