{"mean": [0.8179605603218079, 0.18204011023044586, 0.8179605603218079, 0.0036551852244883776, 0.18204011023044586, 0.09659391641616821, 0.003120232140645385, 0.18204011023044586, 0.08850771188735962, 0.00807188916951418, 0.18204011023044586, 0.0897722840309143, 0.5720503926277161, 0.18204011023044586, 0.6628913283348083, 0.086588054895401, 0.18673297762870789, 0.2790035009384155, 0.011785008944571018, 0.18673297762870789, 0.12988360226154327, 0.056899864226579666, 0.18204011023044586, 0.23993463814258575, 0.059097010642290115, 0.18204011023044586, 0.3832886517047882, 0.09723410755395889, 0.39643794298171997, 0.3363102078437805, 0.1191645935177803, 0.39643794298171997, 0.35229867696762085, 0.17125330865383148, 0.39643794298171997, 0.4495446979999542, -0.6666913628578186, -0.9253292679786682, -0.9209365248680115, -0.9150802493095398, -0.9136167168617249, -0.9165443778038025, -0.9443634748458862, -0.9150809645652771, -0.9370425343513489, -0.8960462212562561, -0.9414358139038086, -0.9150810837745667, 0.03434441238641739, 0.05909068137407303, 0.019261671230196953], "std": [0.38524600863456726, 0.3852461278438568, 0.38524600863456726, 0.005829851608723402, 0.3852461278438568, 0.08358588814735413, 0.005342075601220131, 0.3852461278438568, 0.07530653476715088, 0.011237087659537792, 0.3852461278438568, 0.09350471943616867, 0.3287080228328705, 0.3852461278438568, 0.36126863956451416, 0.16389349102973938, 0.3831573724746704, 0.29985782504081726, 0.020322339609265327, 0.3831573724746704, 0.12493650615215302, 0.06612872332334518, 0.3852461278438568, 0.21579959988594055, 0.06138870492577553, 0.3852461278438568, 0.21103429794311523, 0.10966843366622925, 0.42897650599479675, 0.24423304200172424, 0.1314394325017929, 0.42897650599479675, 0.2519261837005615, 0.23170754313468933, 0.42897650599479675, 0.3543458580970764, 0.5422199368476868, 0.4667016565799713, 0.48015108704566956, 0.4970859885215759, 0.5011293888092041, 0.49285948276519775, 0.404494971036911, 0.49711546301841736, 0.4297749400138855, 0.5475413799285889, 0.41458848118782043, 0.4968905448913574, 0.13245134055614471, 0.20204168558120728, 0.06613511592149734], "count": 2049.0}