{"mean": [1.0, 0.0, 1.0, 0.0016932025318965316, 0.0, 0.0630999431014061, 0.001757539575919509, 0.0, 0.09197370707988739, 0.005079147405922413, 0.0, 0.046793363988399506, 0.7781671285629272, 0.0, 0.8845763206481934, 0.0016932025318965316, 0.0, 0.0630999431014061, 0.001757539575919509, 0.0, 0.09197370707988739, 0.03134908527135849, 0.0, 0.12861454486846924, 0.04399219900369644, 0.0, 0.2900674641132355, 0.3221345543861389, 0.001673458144068718, 0.516383171081543, 0.2534899115562439, 0.001673458144068718, 0.6596953272819519, 0.6392369270324707, 0.001673458144068718, 0.7673463225364685, -1.0, -1.0, -1.0, -1.0, -1.0, -1.0, -1.0, -1.0, -1.0, -1.0, -1.0, -1.0, 0.0, 0.0, 0.0], "std": [0.00015811389312148094, 0.00015811389312148094, 0.00015811389312148094, 0.0020351530984044075, 0.00015811389312148094, 0.048804715275764465, 0.0020019595976918936, 0.00015811389312148094, 0.043647073209285736, 0.006101871840655804, 0.00015811389312148094, 0.06576767563819885, 0.13684770464897156, 0.00015811389312148094, 0.13559047877788544, 0.0020351530984044075, 0.00015811389312148094, 0.048804715275764465, 0.0020019595976918936, 0.00015811389312148094, 0.043647073209285736, 0.04324455186724663, 0.00015811389312148094, 0.169987753033638, 0.02317834459245205, 0.00015811389312148094, 0.09739118069410324, 0.16047582030296326, 0.000981363351456821, 0.14100529253482819, 0.1462482511997223, 0.000981363351456821, 0.21382851898670197, 0.3404087424278259, 0.000981363351456821, 0.31567737460136414, 0.00015811389312148094, 0.00015811389312148094, 0.00015811389312148094, 0.00015811389312148094, 0.00015811389312148094, 0.00015811389312148094, 0.00015811389312148094, 0.00015811389312148094, 0.00015811389312148094, 0.00015811389312148094, 0.00015811389312148094, 0.00015811389312148094, 0.00015811389312148094, 0.00015811389312148094, 0.00015811389312148094], "count": 4.0}