{"mean": [0.9919997453689575, 0.008000003173947334, 0.9919997453689575, 0.0045857178047299385, 0.008000003173947334, 0.12619908154010773, 0.003703140188008547, 0.008000003173947334, 0.11772587150335312, 0.010111420415341854, 0.008000003173947334, 0.12010547518730164, 0.6529353857040405, 0.008000003173947334, 0.7951854467391968, 0.07365409284830093, 0.016858812421560287, 0.2840721011161804, 0.02329295128583908, 0.016858812421560287, 0.20477691292762756, 0.07094360142946243, 0.008000003173947334, 0.30606162548065186, 0.0824698656797409, 0.008000003173947334, 0.4673095941543579, 0.1528501808643341, 0.23805572092533112, 0.45859578251838684, 0.12987151741981506, 0.23805572092533112, 0.42046046257019043, 0.24655821919441223, 0.23805572092533112, 0.5812215805053711, -0.4201323688030243, -1.0, -1.0, -1.0, -1.0, -1.0, -1.0, -1.0, -0.9940000772476196, -1.0, -1.0, 0.24199993908405304, 0.02683117426931858, 0.09819240123033524, 0.03557882830500603], "std": [0.08870351314544678, 0.08870351314544678, 0.08870351314544678, 0.004574357066303492, 0.08870351314544678, 0.08755942434072495, 0.0035636720713227987, 0.08870351314544678, 0.06504487991333008, 0.009512939490377903, 0.08870351314544678, 0.0953664779663086, 0.1962096244096756, 0.08870351314544678, 0.19708313047885895, 0.1480264514684677, 0.08893123269081116, 0.2689305245876312, 0.04556587338447571, 0.08893123269081116, 0.16557222604751587, 0.0660785660147667, 0.08870351314544678, 0.21185627579689026, 0.05780499801039696, 0.08870351314544678, 0.13715530931949615, 0.13916145265102386, 0.3124642074108124, 0.18879090249538422, 0.12134469300508499, 0.3124642074108124, 0.2206774652004242, 0.2831401526927948, 0.3124642074108124, 0.30918657779693604, 0.7017041444778442, 0.0015827169409021735, 0.0015827169409021735, 0.0015827169409021735, 0.0015827169409021735, 0.0015827169409021735, 0.0015827169409021735, 0.0015827169409021735, 0.13390035927295685, 0.0015827169409021735, 0.0015827169409021735, 1.4690780639648438, 0.06159525364637375, 0.20991627871990204, 0.09011617302894592], "count": 500.0}