{"mean": [0.9948964715003967, 0.005103669129312038, 0.9948964715003967, 0.004100911319255829, 0.005103669129312038, 0.11535506695508957, 0.0033771574962884188, 0.005103669129312038, 0.10920087993144989, 0.00954408198595047, 0.005103669129312038, 0.11305522173643112, 0.6694954633712769, 0.005103669129312038, 0.8017188906669617, 0.09731946140527725, 0.012447541579604149, 0.31668320298194885, 0.023501120507717133, 0.012447541579604149, 0.19277383387088776, 0.06607098877429962, 0.005103669129312038, 0.2982572913169861, 0.0751667246222496, 0.005103669129312038, 0.4709149897098541, 0.15108662843704224, 0.27643120288848877, 0.45542117953300476, 0.13502980768680573, 0.27643120288848877, 0.42683324217796326, 0.23823386430740356, 0.27643120288848877, 0.5839614868164062, -0.37354516983032227, -1.0, -1.0, -1.0, -1.0, -1.0, -0.8784685134887695, -1.0, -0.864115834236145, -0.865071713924408, -1.0, 0.08995208144187927, 0.027631975710392, 0.10291266441345215, 0.030517444014549255], "std": [0.0713198184967041, 0.0713198184967041, 0.0713198184967041, 0.005657570902258158, 0.0713198184967041, 0.08589550107717514, 0.005011873319745064, 0.0713198184967041, 0.06772005558013916, 0.010349908843636513, 0.0713198184967041, 0.09220097959041595, 0.20706695318222046, 0.0713198184967041, 0.2056783139705658, 0.1693410575389862, 0.07185764610767365, 0.3000512719154358, 0.046489935368299484, 0.07185764610767365, 0.167480006814003, 0.06611278653144836, 0.0713198184967041, 0.2068924754858017, 0.05691957846283913, 0.0713198184967041, 0.13153156638145447, 0.13321681320667267, 0.34553828835487366, 0.1900728940963745, 0.1203443855047226, 0.34553828835487366, 0.21457937359809875, 0.26672831177711487, 0.34553828835487366, 0.30942460894584656, 0.7013853788375854, 0.003959788009524345, 0.003959788009524345, 0.003959788009524345, 0.003959788009524345, 0.003959788009524345, 0.5898833870887756, 0.003959788009524345, 0.6233351230621338, 0.6211134791374207, 0.003959788009524345, 1.4411019086837769, 0.07400888949632645, 0.20685693621635437, 0.0801435187458992], "count": 3135.0}