{"mean": [0.9946487545967102, 0.005350654013454914, 0.9946487545967102, 0.004036490339785814, 0.005350654013454914, 0.12119746208190918, 0.003337104571983218, 0.005350654013454914, 0.11367615312337875, 0.00919482670724392, 0.005350654013454914, 0.1131458431482315, 0.6847087144851685, 0.005350654013454914, 0.8104252219200134, 0.10101759433746338, 0.01236893143504858, 0.3308122158050537, 0.019335053861141205, 0.01236893143504858, 0.1820961982011795, 0.06590040773153305, 0.005350654013454914, 0.2946247160434723, 0.07137805968523026, 0.005350654013454914, 0.46562716364860535, 0.14265502989292145, 0.2753654420375824, 0.45065662264823914, 0.14177536964416504, 0.2753654420375824, 0.4364871084690094, 0.22530744969844818, 0.2753654420375824, 0.5756362080574036, -0.08997392654418945, -1.0, -1.0, -1.0, -1.0, -1.0, -0.6480032801628113, -1.0, -0.7913239598274231, -0.7173706889152527, -1.0, 0.6860308051109314, 0.03944629803299904, 0.1559601128101349, 0.04671254754066467], "std": [0.07301521301269531, 0.07301513105630875, 0.07301521301269531, 0.006461361423134804, 0.07301513105630875, 0.08087503910064697, 0.0059493849985301495, 0.07301513105630875, 0.06553036719560623, 0.010379116050899029, 0.07301513105630875, 0.09286313503980637, 0.1978544443845749, 0.07301513105630875, 0.19202810525894165, 0.17197437584400177, 0.073480024933815, 0.2975043058395386, 0.03759833797812462, 0.073480024933815, 0.14618690311908722, 0.06531266868114471, 0.07301513105630875, 0.2067607194185257, 0.05696411803364754, 0.07301513105630875, 0.12879011034965515, 0.12436673045158386, 0.35092711448669434, 0.18401436507701874, 0.12320532649755478, 0.35092711448669434, 0.20384491980075836, 0.24989114701747894, 0.35092711448669434, 0.310188889503479, 0.6822828054428101, 0.00511577632278204, 0.00511577632278204, 0.00511577632278204, 0.00511577632278204, 0.00511577632278204, 0.9647985696792603, 0.00511577632278204, 0.7627416253089905, 0.8760223984718323, 0.00511577632278204, 1.4872820377349854, 0.0792112946510315, 0.254547655582428, 0.09455695748329163], "count": 5233.0}