{"mean": [0.8662765622138977, 0.13372372090816498, 0.8662765622138977, 0.0037469016388058662, 0.13372372090816498, 0.10036741197109222, 0.003223298117518425, 0.13372372090816498, 0.09195442497730255, 0.008538265712559223, 0.13372372090816498, 0.09077320247888565, 0.6019281148910522, 0.13372372090816498, 0.6989197134971619, 0.0882992371916771, 0.13818895816802979, 0.28246384859085083, 0.011719588190317154, 0.13818895816802979, 0.13283592462539673, 0.057477690279483795, 0.13372372090816498, 0.2447892129421234, 0.059224728494882584, 0.13372372090816498, 0.3949280381202698, 0.10892699658870697, 0.34883052110671997, 0.3656032681465149, 0.1327076405286789, 0.34883052110671997, 0.37927135825157166, 0.19749072194099426, 0.34883052110671997, 0.4854965806007385, -0.655396580696106, -0.8945837616920471, -0.9341145157814026, -0.9326496720314026, -0.904832124710083, -0.8843334317207336, -0.9106879830360413, -0.9282583594322205, -0.9399710893630981, -0.865300714969635, -0.9267945289611816, -0.9282574653625488, 0.03489230200648308, 0.06559289991855621, 0.01981675624847412], "std": [0.33974552154541016, 0.33974510431289673, 0.33974552154541016, 0.007456655614078045, 0.33974510431289673, 0.08067335188388824, 0.007206466514617205, 0.33974510431289673, 0.07246477156877518, 0.013360878452658653, 0.33974510431289673, 0.09221267700195312, 0.30720749497413635, 0.33974510431289673, 0.33565187454223633, 0.16594216227531433, 0.3381298780441284, 0.3000280559062958, 0.019815942272543907, 0.3381298780441284, 0.11885052919387817, 0.0655854195356369, 0.33974510431289673, 0.21552674472332, 0.060281988233327866, 0.33974510431289673, 0.1935071051120758, 0.11454363167285919, 0.4173510670661926, 0.24088579416275024, 0.13629302382469177, 0.4173510670661926, 0.2518642842769623, 0.24921642243862152, 0.4173510670661926, 0.356436550617218, 0.5483152270317078, 0.5511747598648071, 0.43854060769081116, 0.44382837414741516, 0.5254058241844177, 0.5769434571266174, 0.5094243884086609, 0.4579935669898987, 0.41974079608917236, 0.6207499504089355, 0.4620179533958435, 0.45800086855888367, 0.1309126317501068, 0.20943008363246918, 0.06298516690731049], "count": 2049.0}