{"mean": [0.9512967467308044, 0.048729538917541504, 0.9508588910102844, 0.01669980213046074, 0.048729538917541504, 0.07533551007509232, 0.013316752389073372, 0.048729538917541504, 0.05799209699034691, 0.013795564882457256, 0.048729538917541504, 0.04408356174826622, 0.7304543256759644, 0.048729538917541504, 0.7987884879112244, 0.1301375925540924, 0.048729538917541504, 0.31536394357681274, 0.020390188321471214, 0.048729538917541504, 0.08713998645544052, 0.04603416845202446, 0.048729538917541504, 0.1671736240386963, 0.08562527596950531, 0.048729538917541504, 0.42522522807121277, 0.08109648525714874, 0.048729538917541504, 0.23908761143684387, 0.07397375255823135, 0.048729538917541504, 0.2012147456407547, 0.2094249129295349, 0.048729538917541504, 0.34204211831092834, 0.081890769302845, 1.2935281991958618, 0.4748745262622833, 0.2551542818546295, -0.9104328751564026, -0.24870792031288147, 0.008249829523265362, 0.004281360190361738, -0.8303725719451904, -0.4055645763874054, -0.3576630651950836, -0.6470905542373657, 0.2996194362640381, 0.05807890370488167, 0.17644019424915314], "std": [0.21632234752178192, 0.21632306277751923, 0.21720083057880402, 0.0861968919634819, 0.21632306277751923, 0.1059374064207077, 0.06976762413978577, 0.21632306277751923, 0.09170901030302048, 0.051179319620132446, 0.21632306277751923, 0.07983626425266266, 0.31161820888519287, 0.21632306277751923, 0.312240332365036, 0.20710647106170654, 0.21632306277751923, 0.3406197130680084, 0.07597483694553375, 0.21632306277751923, 0.13429339230060577, 0.07493606954813004, 0.21632306277751923, 0.1909250020980835, 0.10483059287071228, 0.21632306277751923, 0.18983955681324005, 0.1269513964653015, 0.21632306277751923, 0.30132919549942017, 0.12404164671897888, 0.21632306277751923, 0.24735376238822937, 0.34389904141426086, 0.21632306277751923, 0.37732622027397156, 0.44260960817337036, 1.272871732711792, 1.4995146989822388, 1.4798283576965332, 0.5105034112930298, 1.299749732017517, 1.417127251625061, 1.4156241416931152, 0.6928077936172485, 1.1957008838653564, 1.2307145595550537, 0.9664596319198608, 0.26492056250572205, 0.18690985441207886, 0.19247999787330627], "count": 96000.0}