{"mean": [0.9602005481719971, 0.03979996219277382, 0.9568993449211121, 0.01578165963292122, 0.03979996219277382, 0.09331923723220825, 0.015321130864322186, 0.03979996219277382, 0.0876203179359436, 0.019536010921001434, 0.03979996219277382, 0.08626493066549301, 0.655584990978241, 0.03979996219277382, 0.7537580728530884, 0.11237891018390656, 0.03979996219277382, 0.3001023828983307, 0.025883417576551437, 0.03979996219277382, 0.13184335827827454, 0.07206923514604568, 0.03979996219277382, 0.24924346804618835, 0.0954413115978241, 0.03979996219277382, 0.4432123601436615, 0.08746925741434097, 0.03979996219277382, 0.2599477469921112, 0.09657256305217743, 0.03979996219277382, 0.26869142055511475, 0.19052353501319885, 0.03979996219277382, 0.35324108600616455, -0.23448678851127625, -0.627100944519043, -0.5544993877410889, -0.6403000354766846, -0.7983995676040649, -0.7644999027252197, -0.7203999757766724, -0.6321998834609985, -0.6478005647659302, -0.7164996266365051, -0.6489992737770081, -0.7306007146835327, 0.12248627841472626, 0.16455064713954926, 0.056349221616983414], "std": [0.19558030366897583, 0.19558085501194, 0.20316611230373383, 0.07241430878639221, 0.19558085501194, 0.0927557498216629, 0.08193494379520416, 0.19558085501194, 0.09317497909069061, 0.07173263281583786, 0.19558085501194, 0.09395314007997513, 0.29066038131713867, 0.19558085501194, 0.29866471886634827, 0.18679390847682953, 0.19558085501194, 0.3168641924858093, 0.08793404698371887, 0.19558085501194, 0.1418914943933487, 0.09821485728025436, 0.19558085501194, 0.21218815445899963, 0.13605265319347382, 0.19558085501194, 0.18053580820560455, 0.13878490030765533, 0.19558085501194, 0.2610471844673157, 0.14791364967823029, 0.19558085501194, 0.2653302848339081, 0.3111642301082611, 0.19558085501194, 0.3606463670730591, 0.6142081022262573, 0.9895966053009033, 1.066408395767212, 0.9742765426635742, 0.7509798407554626, 0.8066840767860413, 0.871921181678772, 0.9836717247962952, 0.9655284285545349, 0.8773261904716492, 0.9639610648155212, 0.8575513958930969, 0.2551366090774536, 0.3178323209285736, 0.11257236450910568], "count": 10000.0}