{"mean": [0.9111101031303406, 0.08890329301357269, 0.8974329829216003, 0.03949872404336929, 0.08890329301357269, 0.04896492883563042, 0.03995585814118385, 0.08890329301357269, 0.05336163565516472, 0.04359063133597374, 0.08890329301357269, 0.05075741931796074, 0.7048589587211609, 0.08890329301357269, 0.7477039694786072, 0.1266317516565323, 0.08890329301357269, 0.2339899241924286, 0.04887073487043381, 0.08890329301357269, 0.08476190268993378, 0.08689090609550476, 0.08890329301357269, 0.17098845541477203, 0.13263560831546783, 0.08890329301357269, 0.4191353917121887, 0.11059174686670303, 0.08890329301357269, 0.18857823312282562, 0.1217498630285263, 0.08890329301357269, 0.22514262795448303, 0.2075575739145279, 0.08890329301357269, 0.29117855429649353, -0.2374032437801361, 0.4191862642765045, -0.8411500453948975, -0.8040816187858582, -0.9590511918067932, -0.9339096546173096, -0.9098890423774719, -0.5809382796287537, -0.9262324571609497, -0.9072710275650024, -0.9469538331031799, -0.9568790793418884, 0.39040011167526245, 0.062417738139629364, 0.07859170436859131], "std": [0.2853124439716339, 0.2853127717971802, 0.3039385676383972, 0.1421683430671692, 0.2853127717971802, 0.0840948298573494, 0.14381831884384155, 0.2853127717971802, 0.08687600493431091, 0.14372651278972626, 0.2853127717971802, 0.08706029504537582, 0.35276779532432556, 0.2853127717971802, 0.3638712763786316, 0.2131049484014511, 0.2853127717971802, 0.32958441972732544, 0.1484512835741043, 0.2853127717971802, 0.14165398478507996, 0.16281668841838837, 0.2853127717971802, 0.19227957725524902, 0.20138002932071686, 0.2853127717971802, 0.2210305780172348, 0.19793903827667236, 0.2853127717971802, 0.2591683268547058, 0.20860619843006134, 0.2853127717971802, 0.28626853227615356, 0.33783745765686035, 0.2853127717971802, 0.364467591047287, 0.5471187233924866, 1.4977980852127075, 0.6717614531517029, 0.7411324381828308, 0.3487006723880768, 0.44067347049713135, 0.5119840502738953, 1.0399627685546875, 0.4648036062717438, 0.5190423727035522, 0.3958717882633209, 0.35799500346183777, 0.4283923804759979, 0.1956530213356018, 0.15532781183719635], "count": 96000.0}