{"mean": [0.8570034503936768, 0.14299678802490234, 0.8570034503936768, 0.005010783206671476, 0.14299678802490234, 0.10047809779644012, 0.003975588828325272, 0.14299678802490234, 0.09069530665874481, 0.008875333704054356, 0.14299678802490234, 0.0920693650841713, 0.5878083109855652, 0.14299678802490234, 0.6867241263389587, 0.08906441181898117, 0.14781740307807922, 0.2833234965801239, 0.01347704604268074, 0.14781740307807922, 0.13506680727005005, 0.05821450054645538, 0.14299678802490234, 0.2474898397922516, 0.06042727455496788, 0.14299678802490234, 0.3928408622741699, 0.10324127972126007, 0.3622038662433624, 0.3526831269264221, 0.12684626877307892, 0.3622038662433624, 0.36481428146362305, 0.19699135422706604, 0.3622038662433624, 0.4759747385978699, -0.5508925318717957, -0.8330893516540527, -0.879941999912262, -0.8989748954772949, -0.8843340277671814, -0.8931188583374023, -0.8960463404655457, -0.8565157055854797, -0.9092243313789368, -0.8696926832199097, -0.9033684730529785, -0.8814045190811157, 0.048133816570043564, 0.08005335927009583, 0.02622377686202526], "std": [0.34936314821243286, 0.34936314821243286, 0.34936314821243286, 0.030042145401239395, 0.34936314821243286, 0.08656933903694153, 0.024447327479720116, 0.34936314821243286, 0.07734818756580353, 0.016582095995545387, 0.34936314821243286, 0.09315444529056549, 0.3129258453845978, 0.34936314821243286, 0.34287863969802856, 0.16714662313461304, 0.34754085540771484, 0.30087390542030334, 0.03334127366542816, 0.34754085540771484, 0.13050593435764313, 0.06643088907003403, 0.34936314821243286, 0.21647031605243683, 0.06127924472093582, 0.34936314821243286, 0.2009103000164032, 0.11313500255346298, 0.41781049966812134, 0.24566829204559326, 0.1375933438539505, 0.41781049966812134, 0.2542664706707001, 0.2618885636329651, 0.41781049966812134, 0.35750341415405273, 0.5929842591285706, 0.686418890953064, 0.5872153043746948, 0.5404410362243652, 0.5761091113090515, 0.5553483963012695, 0.5469460487365723, 0.6396299600601196, 0.5134860277175903, 0.6109980940818787, 0.5287702679634094, 0.5835891962051392, 0.15598906576633453, 0.23138311505317688, 0.07553216814994812], "count": 2049.0}