{"mean": [0.43985334038734436, 0.5601449012756348, 0.4320639967918396, 0.02470485307276249, 0.5601449012756348, 0.022145951166749, 0.024955080822110176, 0.5601449012756348, 0.023046093061566353, 0.028081508353352547, 0.5601449012756348, 0.025280632078647614, 0.3200734853744507, 0.5601449012756348, 0.3413139283657074, 0.04648870974779129, 0.5609077215194702, 0.07154524326324463, 0.03007744438946247, 0.5609077215194702, 0.04443831741809845, 0.05112999305129051, 0.5601449012756348, 0.08437694609165192, 0.07718371599912643, 0.5601449012756348, 0.1949712187051773, 0.07823054492473602, 0.6195660829544067, 0.1298881322145462, 0.0797639861702919, 0.6195660829544067, 0.1421699821949005, 0.13807255029678345, 0.6195660829544067, 0.20118719339370728, -0.4870227873325348, -0.44184058904647827, -0.8169645667076111, -0.8466061353683472, -0.7079285383224487, -0.8914682865142822, -0.8185536861419678, -0.7812836766242981, -0.7962799072265625, -0.908264696598053, -0.8360965847969055, -0.8704425096511841, 0.026661518961191177, 0.016712846234440804, 0.004159615375101566], "std": [0.4970564842224121, 0.4970564842224121, 0.49610191583633423, 0.10950440168380737, 0.4970564842224121, 0.06333912909030914, 0.1108960285782814, 0.4970564842224121, 0.06458617001771927, 0.11226572096347809, 0.4970564842224121, 0.06772248446941376, 0.40937402844429016, 0.4970564842224121, 0.4359003007411957, 0.1406431645154953, 0.496261864900589, 0.19778497517108917, 0.11421425640583038, 0.496261864900589, 0.12092820554971695, 0.13174419105052948, 0.4970564842224121, 0.15670299530029297, 0.16640618443489075, 0.4970564842224121, 0.2537081241607666, 0.17218802869319916, 0.47225627303123474, 0.23829784989356995, 0.17392387986183167, 0.47225627303123474, 0.26435643434524536, 0.28305694460868835, 0.47225627303123474, 0.33877649903297424, 0.5124675631523132, 1.1674162149429321, 0.7180778980255127, 0.660740315914154, 0.8893715143203735, 0.5601285696029663, 0.7151181697845459, 0.7799281477928162, 0.7547648549079895, 0.5163961052894592, 0.681764543056488, 0.6097816228866577, 0.15047302842140198, 0.11657153815031052, 0.040289901196956635], "count": 96000.0}