{"mean": [0.951000452041626, 0.04899999499320984, 0.951000452041626, 0.00466926209628582, 0.04899999499320984, 0.09480875730514526, 0.003771719057112932, 0.04899999499320984, 0.09042593091726303, 0.010903936810791492, 0.04899999499320984, 0.1159961074590683, 0.5735412240028381, 0.04899999499320984, 0.7313956022262573, 0.05110606923699379, 0.05841485783457756, 0.20164501667022705, 0.044168148189783096, 0.05841485783457756, 0.2510198950767517, 0.06706150621175766, 0.04899999499320984, 0.31143149733543396, 0.09667347371578217, 0.04899999499320984, 0.47759759426116943, 0.18241509795188904, 0.2721349596977234, 0.4656113386154175, 0.09582696110010147, 0.2721349596977234, 0.35212427377700806, 0.2837648093700409, 0.2721349596977234, 0.5822867155075073, -1.0, -1.0, -1.0, -1.0, -1.0, -1.0, -1.0, -1.0, -1.0, -1.0, -1.0, -1.0, 0.0, 0.0, 0.0], "std": [0.2158394306898117, 0.21583937108516693, 0.2158394306898117, 0.006864385213702917, 0.21583937108516693, 0.1015164852142334, 0.006053148303180933, 0.21583937108516693, 0.07301139831542969, 0.012047410011291504, 0.21583937108516693, 0.0926438644528389, 0.23957610130310059, 0.21583937108516693, 0.27431467175483704, 0.12557660043239594, 0.21419623494148254, 0.25747817754745483, 0.07494985312223434, 0.21419623494148254, 0.2420000582933426, 0.06851837784051895, 0.21583937108516693, 0.21323148906230927, 0.0578121617436409, 0.21583937108516693, 0.17194323241710663, 0.16763965785503387, 0.3187426030635834, 0.23405936360359192, 0.1084570437669754, 0.3187426030635834, 0.2666524648666382, 0.3302494287490845, 0.3187426030635834, 0.32875868678092957, 0.005000600125640631, 0.005000600125640631, 0.005000600125640631, 0.005000600125640631, 0.005000600125640631, 0.005000600125640631, 0.005000600125640631, 0.005000600125640631, 0.005000600125640631, 0.005000600125640631, 0.005000600125640631, 0.005000600125640631, 0.005000600125640631, 0.005000600125640631, 0.005000600125640631], "count": 5000.0}