{"mean": [0.9434170126914978, 0.05658506974577904, 0.9414997100830078, 0.0162406824529171, 0.05658506974577904, 0.07417241483926773, 0.016478467732667923, 0.05658506974577904, 0.07632327824831009, 0.021017327904701233, 0.05658506974577904, 0.0755377784371376, 0.6468954682350159, 0.05658506974577904, 0.739122211933136, 0.10736816376447678, 0.05658506974577904, 0.26911452412605286, 0.02747684344649315, 0.05658506974577904, 0.1179441437125206, 0.07193673402070999, 0.05658506974577904, 0.2296101599931717, 0.10568951815366745, 0.05658506974577904, 0.44143354892730713, 0.08969270437955856, 0.05658506974577904, 0.23666557669639587, 0.09586387127637863, 0.05658506974577904, 0.25754132866859436, 0.1944832056760788, 0.05658506974577904, 0.3319612145423889, -0.08712972700595856, -0.05673665925860405, -0.23358404636383057, -0.3511784076690674, -0.7402200698852539, -0.5704630613327026, -0.5384364128112793, -0.32109391689300537, -0.7165413498878479, -0.44657936692237854, -0.624569833278656, -0.7045332789421082, 0.17362149059772491, 0.13727283477783203, 0.09458434581756592], "std": [0.2313372939825058, 0.23133859038352966, 0.23495353758335114, 0.0685117244720459, 0.23133859038352966, 0.08623262494802475, 0.07510200142860413, 0.23133859038352966, 0.09060386568307877, 0.06992907077074051, 0.23133859038352966, 0.09449848532676697, 0.31770625710487366, 0.23133859038352966, 0.32213178277015686, 0.18454840779304504, 0.23133859038352966, 0.3220955729484558, 0.0861484631896019, 0.23133859038352966, 0.1471298336982727, 0.10291412472724915, 0.23133859038352966, 0.21097420156002045, 0.1469755619764328, 0.23133859038352966, 0.19370974600315094, 0.14765234291553497, 0.23133859038352966, 0.2598809599876404, 0.1489228457212448, 0.23133859038352966, 0.2747052013874054, 0.32284677028656006, 0.23133859038352966, 0.3663847744464874, 0.5529607534408569, 1.3927443027496338, 1.3082661628723145, 1.235002040863037, 0.8436288237571716, 1.050672173500061, 1.0822871923446655, 1.2552107572555542, 0.877403199672699, 1.1635406017303467, 0.992510199546814, 0.8938472270965576, 0.2716849744319916, 0.293668270111084, 0.14090296626091003], "count": 26226.0}