{"mean": [0.952960729598999, 0.04704159498214722, 0.9527536034584045, 0.007804842200130224, 0.04704159498214722, 0.08635562658309937, 0.007128091994673014, 0.04704159498214722, 0.08095233142375946, 0.013656155206263065, 0.04704159498214722, 0.08633354306221008, 0.6715497970581055, 0.04704159498214722, 0.7852566242218018, 0.07596292346715927, 0.0503326877951622, 0.239984393119812, 0.028954816982150078, 0.0503326877951622, 0.17085088789463043, 0.0634758472442627, 0.04704159498214722, 0.24005073308944702, 0.09054546803236008, 0.04704159498214722, 0.4516248404979706, 0.14725813269615173, 0.24553535878658295, 0.39830002188682556, 0.13512565195560455, 0.24553535878658295, 0.3887594938278198, 0.26685094833374023, 0.24553535878658295, 0.5477750897407532, -0.8519070744514465, -0.8054286241531372, -0.9854809045791626, -0.9854831099510193, -0.9846866726875305, -0.9815702438354492, -0.9786337614059448, -0.9816368222236633, -0.9813240170478821, -0.9840084314346313, -0.9864915609359741, -0.9856696724891663, 0.0404670424759388, 0.008847344666719437, 0.015365495346486568], "std": [0.2122105211019516, 0.2122105211019516, 0.2126598060131073, 0.03042275831103325, 0.2122105211019516, 0.08376023173332214, 0.03232031315565109, 0.2122105211019516, 0.0767783373594284, 0.039926204830408096, 0.2122105211019516, 0.09121187776327133, 0.2667664587497711, 0.2122105211019516, 0.2668273448944092, 0.15339919924736023, 0.21165890991687775, 0.286387175321579, 0.06314177066087723, 0.21165890991687775, 0.19225431978702545, 0.07494957000017166, 0.2122105211019516, 0.20500600337982178, 0.08898241817951202, 0.2122105211019516, 0.17290537059307098, 0.1545281708240509, 0.3581102788448334, 0.24961820244789124, 0.1446240097284317, 0.3581102788448334, 0.2670135796070099, 0.3165971338748932, 0.3581102788448334, 0.3393023610115051, 0.4058922231197357, 0.7387607097625732, 0.20860832929611206, 0.20855778455734253, 0.2143014520406723, 0.2348855882883072, 0.2527065873146057, 0.23446565866470337, 0.2364976555109024, 0.21898433566093445, 0.20137342810630798, 0.20723293721675873, 0.1524190455675125, 0.07740728557109833, 0.06546024978160858], "count": 48000.0}