{"mean": [0.6803749799728394, 0.31962350010871887, 0.6792315244674683, 0.008151565678417683, 0.31962350010871887, 0.060113344341516495, 0.007849807851016521, 0.31962350010871887, 0.054807521402835846, 0.012074247002601624, 0.31962350010871887, 0.06044788286089897, 0.45092982053756714, 0.31962350010871887, 0.5201820135116577, 0.06497317552566528, 0.32210803031921387, 0.1872914582490921, 0.016220714896917343, 0.32210803031921387, 0.09337808191776276, 0.051252201199531555, 0.31962350010871887, 0.18439866602420807, 0.060742639005184174, 0.31962350010871887, 0.3095005750656128, 0.08225507289171219, 0.46545717120170593, 0.24420924484729767, 0.09902208298444748, 0.46545717120170593, 0.2589174211025238, 0.17810070514678955, 0.46545717120170593, 0.3610810339450836, -0.9411849975585938, -0.9898769855499268, -0.987542986869812, -0.985905647277832, -0.9850015044212341, -0.9810306429862976, -0.9857301115989685, -0.9848272204399109, -0.9897010326385498, -0.9830173254013062, -0.9821150302886963, -0.9866346716880798, 0.007076061796396971, 0.009320050477981567, 0.0032779015600681305], "std": [0.466378778219223, 0.466378778219223, 0.46681877970695496, 0.052381791174411774, 0.466378778219223, 0.08431865274906158, 0.05502379313111305, 0.466378778219223, 0.0801568254828453, 0.04956083372235298, 0.466378778219223, 0.08439813554286957, 0.3854416012763977, 0.466378778219223, 0.4277452230453491, 0.14995260536670685, 0.4647342264652252, 0.28162360191345215, 0.06226203590631485, 0.4647342264652252, 0.14110815525054932, 0.08238834142684937, 0.466378778219223, 0.20944596827030182, 0.08660569041967392, 0.466378778219223, 0.24469999969005585, 0.13115696609020233, 0.4626692533493042, 0.274814635515213, 0.14660991728305817, 0.4626692533493042, 0.28534644842147827, 0.2909415364265442, 0.4626692533493042, 0.3799694776535034, 0.2604023814201355, 0.17401310801506042, 0.19308841228485107, 0.20519310235977173, 0.2114410698413849, 0.23773376643657684, 0.20644135773181915, 0.21289360523223877, 0.1755831390619278, 0.22508835792541504, 0.23068541288375854, 0.1998734027147293, 0.06673072278499603, 0.0819515660405159, 0.028518497943878174], "count": 16607.0}