{"mean": [0.9851731657981873, 0.014812530018389225, 0.9851731657981873, 0.0038863574154675007, 0.014812530018389225, 0.12471062690019608, 0.0032478761859238148, 0.014812530018389225, 0.11497334390878677, 0.008561795577406883, 0.014812530018389225, 0.10870805382728577, 0.7044113874435425, 0.014812530018389225, 0.8194878697395325, 0.11304185539484024, 0.021150032058358192, 0.359594464302063, 0.01356294471770525, 0.021150032058358192, 0.1633668839931488, 0.06374532729387283, 0.014812530018389225, 0.2798577547073364, 0.06504007428884506, 0.014812530018389225, 0.4547935128211975, 0.1267872452735901, 0.29486316442489624, 0.434449166059494, 0.15493707358837128, 0.29486316442489624, 0.45065486431121826, 0.211936816573143, 0.29486316442489624, 0.5704278349876404, -0.31255775690078735, -0.862361490726471, -0.36150094866752625, -0.6961805820465088, -0.9900222420692444, -0.9061981439590454, -0.8313666582107544, -0.9720565676689148, -0.9859896302223206, -0.7066237926483154, -0.8667418360710144, -0.8022210597991943, 0.10072080790996552, 0.02198437787592411, 0.08991897851228714], "std": [0.12168493866920471, 0.12168619781732559, 0.12168493866920471, 0.016088511794805527, 0.12168619781732559, 0.07718411087989807, 0.015925630927085876, 0.12168619781732559, 0.0672631710767746, 0.018126463517546654, 0.12168619781732559, 0.09500020742416382, 0.2008274644613266, 0.12168619781732559, 0.19217774271965027, 0.1813044548034668, 0.12143150717020035, 0.30128785967826843, 0.02334398590028286, 0.12143150717020035, 0.11331629008054733, 0.06670472025871277, 0.12168619781732559, 0.20787370204925537, 0.058944664895534515, 0.12168619781732559, 0.13414230942726135, 0.10908448696136475, 0.3717806041240692, 0.18978117406368256, 0.13115084171295166, 0.3717806041240692, 0.19987648725509644, 0.2240830957889557, 0.3717806041240692, 0.31111231446266174, 0.669943630695343, 0.6275951266288757, 1.2279201745986938, 0.9050382375717163, 0.17359280586242676, 0.5221044421195984, 0.6909852623939514, 0.2885238528251648, 0.20502735674381256, 0.891063392162323, 0.6180483102798462, 0.7445179224014282, 0.15448786318302155, 0.09339938312768936, 0.1259477436542511], "count": 48000.0}