{"mean": [0.955082893371582, 0.044916700571775436, 0.9549782276153564, 0.006886367220431566, 0.044916700571775436, 0.0840817540884018, 0.0061949472874403, 0.044916700571775436, 0.07928244024515152, 0.012678859755396843, 0.044916700571775436, 0.08608324825763702, 0.6751379370689392, 0.044916700571775436, 0.7896330952644348, 0.07560873031616211, 0.048233214765787125, 0.2390054315328598, 0.03081675060093403, 0.048233214765787125, 0.17437635362148285, 0.06319456547498703, 0.044916700571775436, 0.24007166922092438, 0.09089189767837524, 0.044916700571775436, 0.4549448490142822, 0.14491090178489685, 0.2491719126701355, 0.3963143825531006, 0.13290390372276306, 0.2491719126701355, 0.38235753774642944, 0.26392629742622375, 0.2491719126701355, 0.5417292714118958, -0.8501530289649963, -0.8343721628189087, -0.9773004651069641, -0.9821779727935791, -0.9832359552383423, -0.9847472310066223, -0.9821174740791321, -0.9668781161308289, -0.9714270234107971, -0.9849897027015686, -0.9841373562812805, -0.9788157939910889, 0.034653518348932266, 0.009901553392410278, 0.014811640605330467], "std": [0.2076224684715271, 0.2076224684715271, 0.20784834027290344, 0.02587931416928768, 0.2076224684715271, 0.08294014632701874, 0.025425663217902184, 0.2076224684715271, 0.07593850046396255, 0.03455333039164543, 0.2076224684715271, 0.0913877859711647, 0.26707354187965393, 0.2076224684715271, 0.266073077917099, 0.15368854999542236, 0.2070896476507187, 0.28778696060180664, 0.06669151037931442, 0.2070896476507187, 0.2010693997144699, 0.07455586642026901, 0.2076224684715271, 0.20568713545799255, 0.08414778858423233, 0.2076224684715271, 0.17126299440860748, 0.15268512070178986, 0.36001813411712646, 0.25767725706100464, 0.14457297325134277, 0.36001813411712646, 0.26361316442489624, 0.31645360589027405, 0.36001813411712646, 0.34378674626350403, 0.4101811349391937, 0.6851010918617249, 0.26024776697158813, 0.2309367060661316, 0.22395220398902893, 0.2138749361038208, 0.23133349418640137, 0.3138285279273987, 0.29167425632476807, 0.21212472021579742, 0.21814249455928802, 0.25158870220184326, 0.1395234614610672, 0.0796627551317215, 0.06378892809152603], "count": 48000.0}