{"mean": [0.8657886385917664, 0.1342117190361023, 0.8657886385917664, 0.0038446602411568165, 0.1342117190361023, 0.10202131420373917, 0.003314058529213071, 0.1342117190361023, 0.09311777353286743, 0.008744667284190655, 0.1342117190361023, 0.09380188584327698, 0.5917654633522034, 0.1342117190361023, 0.6925916075706482, 0.08383793383836746, 0.1393931657075882, 0.28078746795654297, 0.013317032717168331, 0.1393931657075882, 0.1426330953836441, 0.061124928295612335, 0.1342117190361023, 0.253440260887146, 0.06447701156139374, 0.1342117190361023, 0.40227627754211426, 0.1065773218870163, 0.3471411168575287, 0.36356061697006226, 0.12554621696472168, 0.3471411168575287, 0.36589139699935913, 0.19207942485809326, 0.3471411168575287, 0.4842170476913452, -0.6036735773086548, -0.8887260556221008, -0.9180088043212891, -0.9209374189376831, -0.8857981562614441, -0.9224017858505249, -0.8843334317207336, -0.8726212382316589, -0.9224013090133667, -0.871157169342041, -0.8682284355163574, -0.9136170148849487, 0.0409049354493618, 0.06594713032245636, 0.024261415004730225], "std": [0.3402147889137268, 0.3402148187160492, 0.3402147889137268, 0.005972434766590595, 0.3402148187160492, 0.08462852984666824, 0.0056114159524440765, 0.3402148187160492, 0.07609467208385468, 0.01218907255679369, 0.3402148187160492, 0.09325830638408661, 0.3090077340602875, 0.3402148187160492, 0.3381606340408325, 0.1611148864030838, 0.3383307158946991, 0.2935431897640228, 0.023795202374458313, 0.3383307158946991, 0.13118135929107666, 0.06788603961467743, 0.3402148187160492, 0.2163269966840744, 0.06115807592868805, 0.3402148187160492, 0.19694659113883972, 0.11381645500659943, 0.4105587899684906, 0.24333138763904572, 0.13387863337993622, 0.4105587899684906, 0.25085461139678955, 0.24949239194393158, 0.4105587899684906, 0.3494854271411896, 0.5754315853118896, 0.5662809610366821, 0.4875422716140747, 0.47992566227912903, 0.5727576017379761, 0.47582316398620605, 0.5767227411270142, 0.6042526364326477, 0.4759077727794647, 0.6076042652130127, 0.61347496509552, 0.501072347164154, 0.14224830269813538, 0.2028752565383911, 0.0699581503868103], "count": 2049.0}