{"mean": [0.8687165379524231, 0.13128356635570526, 0.8687165379524231, 0.0036564492620527744, 0.13128356635570526, 0.10050137341022491, 0.003527638502418995, 0.13128356635570526, 0.09505811333656311, 0.007877490483224392, 0.13128356635570526, 0.09009084850549698, 0.614230215549469, 0.13128356635570526, 0.7134022116661072, 0.09692025929689407, 0.13611532747745514, 0.3021438717842102, 0.013158537447452545, 0.13611532747745514, 0.13833636045455933, 0.05603540688753128, 0.13128356635570526, 0.2415490299463272, 0.05890597030520439, 0.13128356635570526, 0.3991057574748993, 0.10978414863348007, 0.36782771348953247, 0.36684751510620117, 0.13325077295303345, 0.36782771348953247, 0.3859858512878418, 0.1984335482120514, 0.36782771348953247, 0.496671587228775, -0.6313081979751587, -0.9224010705947876, -0.9224008321762085, -0.9121519327163696, -0.9136161804199219, -0.928257167339325, -0.925329327583313, -0.9326505064964294, -0.9004395604133606, -0.9487550258636475, -0.8462668657302856, -0.8711565732955933, 0.03535992279648781, 0.06431565433740616, 0.023902075365185738], "std": [0.33697158098220825, 0.33697158098220825, 0.33697158098220825, 0.009229178540408611, 0.33697158098220825, 0.08216258883476257, 0.022500382736325264, 0.33697158098220825, 0.07582423090934753, 0.012220962904393673, 0.33697158098220825, 0.09242478013038635, 0.30646151304244995, 0.33697158098220825, 0.3325096368789673, 0.17165401577949524, 0.33525222539901733, 0.3072287440299988, 0.03206048533320427, 0.33525222539901733, 0.12495394796133041, 0.065422922372818, 0.33697158098220825, 0.21258142590522766, 0.05839620903134346, 0.33697158098220825, 0.1953401118516922, 0.11377950757741928, 0.41863948106765747, 0.2398899495601654, 0.1336367130279541, 0.41863948106765747, 0.2482215315103531, 0.24872010946273804, 0.41863948106765747, 0.35229000449180603, 0.5745935440063477, 0.4754965603351593, 0.4756345748901367, 0.50506991147995, 0.500541627407074, 0.45798975229263306, 0.4670215845108032, 0.4439050555229187, 0.5370357632637024, 0.38845181465148926, 0.6602454781532288, 0.6075354814529419, 0.12824924290180206, 0.20350833237171173, 0.0729818344116211], "count": 2049.0}