{"mean": [0.9157154560089111, 0.08428200334310532, 0.9118992686271667, 0.027595845982432365, 0.08428200334310532, 0.08430319279432297, 0.02230849117040634, 0.08428200334310532, 0.06675054877996445, 0.03243377432227135, 0.08428200334310532, 0.09355491399765015, 0.6024612188339233, 0.08428200334310532, 0.686443567276001, 0.1141195222735405, 0.08428200334310532, 0.2662328779697418, 0.031896695494651794, 0.08428200334310532, 0.10836023837327957, 0.09281929582357407, 0.08428200334310532, 0.25787732005119324, 0.12159349024295807, 0.08428200334310532, 0.4378361701965332, 0.07479418814182281, 0.08428200334310532, 0.21104218065738678, 0.09346538782119751, 0.08428200334310532, 0.21656958758831024, 0.1619979441165924, 0.08428200334310532, 0.28560730814933777, -0.03341544792056084, -0.06233314424753189, 0.08530410379171371, -0.1469908207654953, -0.6833558678627014, -0.5890851616859436, -0.39809876680374146, -0.2884942293167114, -0.6713916063308716, -0.48367324471473694, -0.3889993131160736, -0.6906097531318665, 0.1746460348367691, 0.15094919502735138, 0.09803223609924316], "std": [0.2779270112514496, 0.2779270112514496, 0.283552348613739, 0.09763956815004349, 0.2779270112514496, 0.10399530827999115, 0.0889783650636673, 0.2779270112514496, 0.08833803236484528, 0.09199197590351105, 0.2779270112514496, 0.0988571047782898, 0.32970574498176575, 0.2779270112514496, 0.3399239778518677, 0.1890629678964615, 0.2779270112514496, 0.3191668689250946, 0.09412017464637756, 0.2779270112514496, 0.14034408330917358, 0.12070918828248978, 0.2779270112514496, 0.21149960160255432, 0.1755255162715912, 0.2779270112514496, 0.2083585560321808, 0.13382868468761444, 0.2779270112514496, 0.24602866172790527, 0.16531819105148315, 0.2779270112514496, 0.2543845772743225, 0.2945118248462677, 0.2779270112514496, 0.33894068002700806, 0.5231793522834778, 1.3905012607574463, 1.441436529159546, 1.3531475067138672, 0.9216761589050293, 1.0313928127288818, 1.2013202905654907, 1.2759207487106323, 0.9368643760681152, 1.1323435306549072, 1.2080280780792236, 0.9122992157936096, 0.2709958553314209, 0.2923961877822876, 0.14020423591136932], "count": 29342.0}