{"mean": [1.0, 0.0, 1.0, 0.007655298337340355, 0.0, 0.07801737636327744, 0.004745506215840578, 0.0, 0.04154417663812637, 0.01081559807062149, 0.0, 0.07063356786966324, 0.858481228351593, 0.0, 0.9213815927505493, 0.13014590740203857, 0.0, 0.3501788079738617, 0.006913498975336552, 0.0, 0.05034217983484268, 0.05502898991107941, 0.0, 0.19339588284492493, 0.10305757075548172, 0.0, 0.4821165204048157, 0.05965837836265564, 0.0, 0.25120118260383606, 0.13002899289131165, 0.0, 0.31313925981521606, 0.2182295322418213, 0.0, 0.3822402358055115, 0.05692338943481445, 0.9841246008872986, 0.8018563985824585, 0.5651251077651978, -1.0, -0.39050737023353577, 0.22036798298358917, -0.3509439527988434, -0.999714195728302, 0.22541572153568268, -0.7759687900543213, -0.7438953518867493, 0.33794501423835754, 0.02854045480489731, 0.1955760270357132], "std": [0.01357277575880289, 0.01357277575880289, 0.01357277575880289, 0.018507786095142365, 0.01357277575880289, 0.065611332654953, 0.014664024114608765, 0.01357277575880289, 0.061034101992845535, 0.019074073061347008, 0.01357277575880289, 0.09944216907024384, 0.16901546716690063, 0.01357277575880289, 0.14639729261398315, 0.19658909738063812, 0.01357277575880289, 0.32688015699386597, 0.015584046952426434, 0.01357277575880289, 0.07841075956821442, 0.07252345979213715, 0.01357277575880289, 0.19742421805858612, 0.09604193270206451, 0.01357277575880289, 0.12779785692691803, 0.0881272405385971, 0.01357277575880289, 0.28480473160743713, 0.16467559337615967, 0.01357277575880289, 0.23370690643787384, 0.3396155834197998, 0.01357277575880289, 0.3613101541996002, 0.4684865474700928, 1.4195383787155151, 1.4691272974014282, 1.4984796047210693, 0.01357277575880289, 1.206872582435608, 1.4735112190246582, 1.2351458072662354, 0.020619871094822884, 1.4745007753372192, 0.7885183095932007, 0.8381190299987793, 0.2884339392185211, 0.0894201397895813, 0.17921783030033112], "count": 36852.0}