{"mean": [1.0, 0.0, 1.0, 0.007796416059136391, 0.0, 0.07752281427383423, 0.004803990479558706, 0.0, 0.04084750637412071, 0.010793673805892467, 0.0, 0.069746233522892, 0.8615624904632568, 0.0, 0.9238452911376953, 0.13080301880836487, 0.0, 0.35082846879959106, 0.007025346625596285, 0.0, 0.049745943397283554, 0.054643429815769196, 0.0, 0.19228333234786987, 0.10361745208501816, 0.0, 0.4825674295425415, 0.05897350236773491, 0.0, 0.24889208376407623, 0.1302720308303833, 0.0, 0.3125009834766388, 0.21845081448554993, 0.0, 0.381696492433548, 0.060618285089731216, 1.009787917137146, 0.8333292007446289, 0.5929970741271973, -1.0, -0.3923413157463074, 0.20371873676776886, -0.3305968940258026, -0.999714195728302, 0.24961745738983154, -0.7627371549606323, -0.7390190958976746, 0.3385675549507141, 0.029316578060388565, 0.1981467753648758], "std": [0.01478457823395729, 0.01478457823395729, 0.01478457823395729, 0.01966262422502041, 0.01478457823395729, 0.06582063436508179, 0.015819648280739784, 0.01478457823395729, 0.060968153178691864, 0.019930768758058548, 0.01478457823395729, 0.09944941848516464, 0.1661706119775772, 0.01478457823395729, 0.14260932803153992, 0.19682848453521729, 0.01478457823395729, 0.3271785080432892, 0.016680113971233368, 0.01478457823395729, 0.07830172777175903, 0.07259489595890045, 0.01478457823395729, 0.1967785358428955, 0.09633611887693405, 0.01478457823395729, 0.12779031693935394, 0.08753044903278351, 0.01478457823395729, 0.2849040925502777, 0.16532383859157562, 0.01478457823395729, 0.23442858457565308, 0.34022727608680725, 0.01478457823395729, 0.36138293147087097, 0.465363472700119, 1.41056227684021, 1.4623583555221558, 1.4970496892929077, 0.01478457823395729, 1.2055460214614868, 1.470293641090393, 1.2489192485809326, 0.020536649972200394, 1.4788422584533691, 0.809529721736908, 0.8453590869903564, 0.28671935200691223, 0.09194613248109818, 0.18011191487312317], "count": 43727.0}