{"mean": [0.8667641878128052, 0.13323573768138885, 0.8667641878128052, 0.0037653136532753706, 0.13323573768138885, 0.1040838211774826, 0.0034570281859487295, 0.13323573768138885, 0.09465977549552917, 0.00832334067672491, 0.13323573768138885, 0.09279677271842957, 0.6017839908599854, 0.13323573768138885, 0.7023321986198425, 0.09692258387804031, 0.13862483203411102, 0.3050733804702759, 0.012713851407170296, 0.13862483203411102, 0.14020958542823792, 0.057217396795749664, 0.13323573768138885, 0.24869060516357422, 0.060000941157341, 0.13323573768138885, 0.4001013934612274, 0.10656586289405823, 0.3728066384792328, 0.3689531981945038, 0.13269191980361938, 0.3728066384792328, 0.3782581090927124, 0.1906193494796753, 0.3728066384792328, 0.4931836426258087, -0.5867716670036316, -0.8653000593185425, -0.9106876254081726, -0.9282578229904175, -0.8901897668838501, -0.9077591896057129, -0.8975118398666382, -0.8784772753715515, -0.9150813817977905, -0.8872619271278381, -0.8652997612953186, -0.9033678770065308, 0.04180498048663139, 0.07777255773544312, 0.023041384294629097], "std": [0.33888953924179077, 0.33888953924179077, 0.33888953924179077, 0.008970999158918858, 0.33888953924179077, 0.08403396606445312, 0.022492215037345886, 0.33888953924179077, 0.07745596021413803, 0.012816973961889744, 0.33888953924179077, 0.09408862143754959, 0.3083250820636749, 0.33888953924179077, 0.3350552022457123, 0.17094947397708893, 0.33693772554397583, 0.30661776661872864, 0.02724071778357029, 0.33693772554397583, 0.12199335545301437, 0.06573362648487091, 0.33888953924179077, 0.2145121842622757, 0.05924040451645851, 0.33888953924179077, 0.19609424471855164, 0.10771768540143967, 0.4157974421977997, 0.2335563749074936, 0.13718755543231964, 0.4157974421977997, 0.2467900663614273, 0.24225164949893951, 0.4157974421977997, 0.3476850390434265, 0.5806185007095337, 0.6194215416908264, 0.508346438407898, 0.45761412382125854, 0.5628527402877808, 0.5172474384307861, 0.5438806414604187, 0.5907379388809204, 0.49721816182136536, 0.5700148940086365, 0.6201988458633423, 0.5290318727493286, 0.14626476168632507, 0.23003622889518738, 0.06710229814052582], "count": 2049.0}