{"mean": [0.9516598582267761, 0.0483398474752903, 0.9497081637382507, 0.01238890178501606, 0.0483398474752903, 0.09403408318758011, 0.014024934731423855, 0.0483398474752903, 0.09073831140995026, 0.016300858929753304, 0.0483398474752903, 0.08747613430023193, 0.6365216970443726, 0.0483398474752903, 0.7321608662605286, 0.11234542727470398, 0.0483398474752903, 0.3082600235939026, 0.025011470541357994, 0.0483398474752903, 0.13605526089668274, 0.06768577545881271, 0.0483398474752903, 0.2546839714050293, 0.08270413428544998, 0.0483398474752903, 0.4387064278125763, 0.0845785140991211, 0.0483398474752903, 0.268130362033844, 0.09640821814537048, 0.0483398474752903, 0.27135977149009705, 0.18687812983989716, 0.0483398474752903, 0.3565845191478729, -0.3573288321495056, -0.80810546875, -0.7275396585464478, -0.6674811244010925, -0.8081051707267761, -0.7846674919128418, -0.8095701336860657, -0.7070308327674866, -0.8535155057907104, -0.7084963917732239, -0.7817376255989075, -0.8212893605232239, 0.10077197849750519, 0.1604698896408081, 0.043335217982530594], "std": [0.21414624154567719, 0.21414624154567719, 0.21821068227291107, 0.06683178246021271, 0.21414624154567719, 0.0914161205291748, 0.0920499861240387, 0.21414624154567719, 0.10469456017017365, 0.06047807261347771, 0.21414624154567719, 0.09442412853240967, 0.3018008768558502, 0.21414624154567719, 0.31718015670776367, 0.18869154155254364, 0.21414624154567719, 0.32040151953697205, 0.09855721890926361, 0.21414624154567719, 0.1514233648777008, 0.0870051234960556, 0.21414624154567719, 0.21539337933063507, 0.1110970750451088, 0.21414624154567719, 0.17965483665466309, 0.13320355117321014, 0.21414624154567719, 0.25952884554862976, 0.14846296608448029, 0.21414624154567719, 0.2586669921875, 0.3109104037284851, 0.21414624154567719, 0.3600448966026306, 0.6021146178245544, 0.733203649520874, 0.8608899116516113, 0.9407991170883179, 0.7336156368255615, 0.7731916904449463, 0.7305459380149841, 0.8893952369689941, 0.6461719274520874, 0.8875591158866882, 0.778164803981781, 0.7092053890228271, 0.2453882396221161, 0.3213673532009125, 0.09799619764089584], "count": 2048.0}