{"mean": [0.9191039204597473, 0.0808967649936676, 0.9191039204597473, 0.004793539177626371, 0.0808967649936676, 0.09031030535697937, 0.003126518800854683, 0.0808967649936676, 0.06264015287160873, 0.011334615759551525, 0.0808967649936676, 0.0975528284907341, 0.6577344536781311, 0.0808967649936676, 0.7426577806472778, 0.11021990329027176, 0.08431540429592133, 0.3227555453777313, 0.008838853798806667, 0.08431540429592133, 0.08982309699058533, 0.06740155071020126, 0.0808967649936676, 0.2583218514919281, 0.07930618524551392, 0.0808967649936676, 0.43828457593917847, 0.08497508615255356, 0.34427279233932495, 0.3238597512245178, 0.1637524515390396, 0.34427279233932495, 0.41551926732063293, 0.240395188331604, 0.34427279233932495, 0.5216099619865417, -0.8477116227149963, -0.9883041977882385, -0.9824562072753906, -0.9356723427772522, -0.9766080379486084, -0.9590651392936707, -0.9649121761322021, -0.9795323014259338, -0.9649122357368469, -0.9444446563720703, -0.9561402797698975, -0.9444445967674255, 0.01313636265695095, 0.029691249132156372, 0.009188147261738777], "std": [0.271124005317688, 0.271124005317688, 0.271124005317688, 0.006783508230000734, 0.271124005317688, 0.07804360240697861, 0.004006771370768547, 0.271124005317688, 0.07442384958267212, 0.013583765365183353, 0.271124005317688, 0.09631761163473129, 0.30824241042137146, 0.271124005317688, 0.3256780207157135, 0.1812172681093216, 0.27025195956230164, 0.32012584805488586, 0.012081154622137547, 0.27025195956230164, 0.11361661553382874, 0.0740983635187149, 0.271124005317688, 0.21597804129123688, 0.080184705555439, 0.271124005317688, 0.17607203125953674, 0.09786421060562134, 0.40276476740837097, 0.2649921476840973, 0.1588754802942276, 0.40276476740837097, 0.2489771693944931, 0.2977772057056427, 0.40276476740837097, 0.34522461891174316, 0.39678826928138733, 0.18660014867782593, 0.22834771871566772, 0.4304050803184509, 0.2633611261844635, 0.34756115078926086, 0.32182854413986206, 0.24623408913612366, 0.3219716250896454, 0.40308842062950134, 0.3585212528705597, 0.40305259823799133, 0.07996683567762375, 0.14265024662017822, 0.0467342808842659], "count": 1026.0}