{"mean": [0.9967927932739258, 0.003200000384822488, 0.9967927932739258, 0.004207535181194544, 0.003200000384822488, 0.11923118680715561, 0.003461458720266819, 0.003200000384822488, 0.11165885627269745, 0.009709833189845085, 0.003200000384822488, 0.11666204035282135, 0.6703206896781921, 0.003200000384822488, 0.8016168475151062, 0.09823714941740036, 0.010774856433272362, 0.3239796459674835, 0.023078830912709236, 0.010774856433272362, 0.1940068006515503, 0.06825029850006104, 0.003200000384822488, 0.30557888746261597, 0.07555226981639862, 0.003200000384822488, 0.4751005470752716, 0.14387473464012146, 0.27738094329833984, 0.4507044851779938, 0.13366353511810303, 0.27738094329833984, 0.422913521528244, 0.22348381578922272, 0.27738094329833984, 0.5740667581558228, -0.33235761523246765, -1.0, -1.0, -1.0, -1.0, -1.0, -0.8640998601913452, -1.0, -0.8853980302810669, -0.8454995155334473, -1.0, 0.1832001805305481, 0.03206886351108551, 0.10064328461885452, 0.03468138724565506], "std": [0.056910574436187744, 0.056910574436187744, 0.056910574436187744, 0.008127829991281033, 0.056910574436187744, 0.08531694114208221, 0.007699859794229269, 0.056910574436187744, 0.06849440187215805, 0.011756468564271927, 0.056910574436187744, 0.09237154573202133, 0.2031676024198532, 0.056910574436187744, 0.19928215444087982, 0.16975310444831848, 0.05781128257513046, 0.29778817296028137, 0.04541798308491707, 0.05781128257513046, 0.16463465988636017, 0.06621064245700836, 0.056910574436187744, 0.20523622632026672, 0.05780850723385811, 0.056910574436187744, 0.12824983894824982, 0.12786637246608734, 0.3440106213092804, 0.18784907460212708, 0.12068489193916321, 0.3440106213092804, 0.20777198672294617, 0.252440869808197, 0.3440106213092804, 0.30649471282958984, 0.7104424238204956, 0.007071682717651129, 0.007071682717651129, 0.007071682717651129, 0.007071682717651129, 0.007071682717651129, 0.6233335137367249, 0.007071682717651129, 0.5748725533485413, 0.6628531813621521, 0.007071682717651129, 1.4654974937438965, 0.08396384865045547, 0.20098747313022614, 0.08486126363277435], "count": 10000.0}