{"mean": [0.8378798961639404, 0.1621238738298416, 0.8297557234764099, 0.03467526286840439, 0.1621238738298416, 0.03857404738664627, 0.03408503904938698, 0.1621238738298416, 0.02651100791990757, 0.03773830085992813, 0.1621238738298416, 0.03418371453881264, 0.4493969976902008, 0.1621238738298416, 0.48961567878723145, 0.06390955299139023, 0.1621238738298416, 0.1022062599658966, 0.05630313232541084, 0.1621238738298416, 0.10244035720825195, 0.07538917660713196, 0.1621238738298416, 0.19816164672374725, 0.13098974525928497, 0.1621238738298416, 0.3791409134864807, 0.14212177693843842, 0.1621238738298416, 0.2503874897956848, 0.08944189548492432, 0.1621238738298416, 0.12968139350414276, 0.2219472974538803, 0.1621238738298416, 0.29798460006713867, -0.6599729657173157, -0.8517123460769653, -0.7754915356636047, -0.9433274865150452, -0.9524580240249634, -0.9431798458099365, -0.9405655860900879, -0.8868657946586609, -0.914424479007721, -0.9220965504646301, -0.9174183011054993, -0.9570601582527161, 0.06209494173526764, 0.10977697372436523, 0.009202261455357075], "std": [0.3695049285888672, 0.3695049285888672, 0.3768184781074524, 0.12009195238351822, 0.3695049285888672, 0.07757117599248886, 0.1213439553976059, 0.3695049285888672, 0.07019399106502533, 0.12162116169929504, 0.3695049285888672, 0.07536768168210983, 0.38516607880592346, 0.3695049285888672, 0.41913744807243347, 0.1558571308851242, 0.3695049285888672, 0.2231939285993576, 0.14006522297859192, 0.3695049285888672, 0.20164573192596436, 0.13516277074813843, 0.3695049285888672, 0.19101697206497192, 0.19045911729335785, 0.3695049285888672, 0.24387487769126892, 0.25059592723846436, 0.3695049285888672, 0.32104235887527466, 0.18011975288391113, 0.3695049285888672, 0.23281298577785492, 0.3528439998626709, 0.3695049285888672, 0.3756076395511627, 0.5042307376861572, 0.6502514481544495, 0.7891530394554138, 0.40885910391807556, 0.37528881430625916, 0.4093756675720215, 0.4184727966785431, 0.5714420080184937, 0.4993198812007904, 0.47721585631370544, 0.4909379780292511, 0.35723820328712463, 0.2216636836528778, 0.29923006892204285, 0.05287165939807892], "count": 96000.0}