{"mean": [0.9753087759017944, 0.02469136007130146, 0.9753087759017944, 0.017149388790130615, 0.02469136007130146, 0.07649503648281097, 0.015114919282495975, 0.02469136007130146, 0.07070550322532654, 0.022632509469985962, 0.02469136007130146, 0.07749849557876587, 0.6822223663330078, 0.02469136007130146, 0.7735809087753296, 0.14756083488464355, 0.02469136007130146, 0.3381861448287964, 0.029262183234095573, 0.02469136007130146, 0.12315180152654648, 0.06773176044225693, 0.02469136007130146, 0.23196296393871307, 0.08048605918884277, 0.02469136007130146, 0.44402819871902466, 0.08898762613534927, 0.02469136007130146, 0.2568437159061432, 0.1070406585931778, 0.02469136007130146, 0.25753793120384216, 0.2007531225681305, 0.02469136007130146, 0.3442140519618988, -0.37190499901771545, -0.7744107246398926, -0.7340071797370911, -0.6969695687294006, -0.7811446189880371, -0.6767673492431641, -0.8922558426856995, -0.8417510986328125, -0.8350170850753784, -0.7441082000732422, -0.6734002232551575, -0.8249155282974243, 0.11883699893951416, 0.1782132089138031, 0.04031337797641754], "std": [0.15485845506191254, 0.15485845506191254, 0.15485845506191254, 0.07548132538795471, 0.15485845506191254, 0.09476184844970703, 0.057844989001750946, 0.15485845506191254, 0.08054910600185394, 0.07985194772481918, 0.15485845506191254, 0.09828553348779678, 0.2994934618473053, 0.15485845506191254, 0.3044230043888092, 0.20463643968105316, 0.15485845506191254, 0.3570704460144043, 0.06797990947961807, 0.15485845506191254, 0.1530875563621521, 0.12275894731283188, 0.15485845506191254, 0.2011469006538391, 0.11453228443861008, 0.15485845506191254, 0.16475029289722443, 0.12598854303359985, 0.15485845506191254, 0.266634076833725, 0.15570077300071716, 0.15485845506191254, 0.26785457134246826, 0.3129797875881195, 0.15485845506191254, 0.36637082695961, 0.595296323299408, 0.7888991832733154, 0.8506938815116882, 0.9009941220283508, 0.7783849239349365, 0.9285498261451721, 0.5558770895004272, 0.6691041588783264, 0.6830904483795166, 0.8366289734840393, 0.9324658513069153, 0.701557993888855, 0.26887279748916626, 0.33797574043273926, 0.09798643738031387], "count": 891.0}