{"mean": [0.46324023604393005, 0.5367594957351685, 0.45605170726776123, 0.025877725332975388, 0.5367594957351685, 0.023441756144165993, 0.025556441396474838, 0.5367594957351685, 0.019392363727092743, 0.02948833629488945, 0.5367594957351685, 0.025851812213659286, 0.3209567368030548, 0.5367594957351685, 0.3436794579029083, 0.04978809878230095, 0.5375267863273621, 0.07488079369068146, 0.031750962138175964, 0.5375267863273621, 0.046966832131147385, 0.05430017411708832, 0.5367594957351685, 0.09367222338914871, 0.08187474310398102, 0.5367594957351685, 0.20905691385269165, 0.08180663734674454, 0.6013579964637756, 0.1473248153924942, 0.08043542504310608, 0.6013579964637756, 0.13400505483150482, 0.14276562631130219, 0.6013579964637756, 0.20991457998752594, -0.48646441102027893, -0.8643953204154968, -0.23424863815307617, -0.8291893005371094, -0.9177175760269165, -0.947076141834259, -0.9086518287658691, -0.8900310397148132, -0.8452748656272888, -0.752161979675293, -0.826058030128479, -0.5952712893486023, 0.029790837317705154, 0.02158389985561371, 0.005171650554984808], "std": [0.4993281364440918, 0.4993281364440918, 0.49874043464660645, 0.10920218378305435, 0.4993281364440918, 0.06469152122735977, 0.1094953790307045, 0.4993281364440918, 0.059113141149282455, 0.11205397546291351, 0.4993281364440918, 0.06828601658344269, 0.40444281697273254, 0.4993281364440918, 0.43104445934295654, 0.1434602290391922, 0.4985467493534088, 0.20502620935440063, 0.11309492588043213, 0.4985467493534088, 0.12729637324810028, 0.13347652554512024, 0.4993281364440918, 0.16308914124965668, 0.17182207107543945, 0.4993281364440918, 0.25839877128601074, 0.17465992271900177, 0.4760516881942749, 0.2558767795562744, 0.17097404599189758, 0.4760516881942749, 0.2540338635444641, 0.2849277853965759, 0.4760516881942749, 0.3429567217826843, 0.5176976323127747, 0.6231521964073181, 1.3079243898391724, 0.6951148509979248, 0.48999515175819397, 0.395485520362854, 0.5154001712799072, 0.563703179359436, 0.6634315252304077, 0.8259705901145935, 0.7010719180107117, 1.0248082876205444, 0.15691569447517395, 0.13112138211727142, 0.04412410408258438], "count": 96000.0}