{"mean": [1.0, 0.0, 1.0, 0.003898132825270295, 0.0, 0.1297820657491684, 0.0032288667280226946, 0.0, 0.11991124600172043, 0.008512650616466999, 0.0, 0.1125144436955452, 0.7165125012397766, 0.0, 0.8330071568489075, 0.11757424473762512, 0.0, 0.37436923384666443, 0.01307931449264288, 0.0, 0.1673019826412201, 0.06460963189601898, 0.0, 0.2881088852882385, 0.06411922723054886, 0.0, 0.4618382155895233, 0.09031327813863754, 0.0, 0.34012389183044434, 0.10213714092969894, 0.0, 0.33221590518951416, 0.1525753140449524, 0.0, 0.39239367842674255, -0.19611775875091553, -0.8563112020492554, -0.45698073506355286, -0.8798010945320129, -0.437475323677063, -0.9344165921211243, -0.9389522075653076, -0.19414348900318146, -0.4393090605735779, -0.3852442800998688, -0.9051578044891357, -0.9220041632652283, 0.015977969393134117, 0.18696054816246033, 0.03058733232319355], "std": [0.021917328238487244, 0.021917328238487244, 0.021917328238487244, 0.02225489914417267, 0.021917328238487244, 0.07539508491754532, 0.022120391950011253, 0.021917328238487244, 0.06507983803749084, 0.023386478424072266, 0.021917328238487244, 0.09607477486133575, 0.17619341611862183, 0.021917328238487244, 0.15777666866779327, 0.1831149011850357, 0.021917328238487244, 0.2989613115787506, 0.024239132180809975, 0.021917328238487244, 0.10559388250112534, 0.06762222945690155, 0.021917328238487244, 0.2053782343864441, 0.059790607541799545, 0.021917328238487244, 0.1214529424905777, 0.11382746696472168, 0.021917328238487244, 0.22891844809055328, 0.1304744929075241, 0.021917328238487244, 0.22237834334373474, 0.22595824301242828, 0.021917328238487244, 0.33208245038986206, 0.5124948024749756, 0.6405474543571472, 1.1550285816192627, 0.5883188247680664, 1.1709293127059937, 0.43900981545448303, 0.4242926836013794, 1.3296962976455688, 1.1694904565811157, 1.2108657360076904, 0.5248655676841736, 0.4775448441505432, 0.06679839640855789, 0.26686254143714905, 0.057455144822597504], "count": 96000.0}