{"mean": [0.9997779726982117, 2.4143550035660155e-05, 0.9997779726982117, 0.00814790464937687, 2.4143550035660155e-05, 0.07530955970287323, 0.004965104628354311, 2.4143550035660155e-05, 0.03996165469288826, 0.01023563276976347, 2.4143550035660155e-05, 0.0629974827170372, 0.8752255439758301, 2.4143550035660155e-05, 0.9361875057220459, 0.13266955316066742, 2.4143550035660155e-05, 0.3487304449081421, 0.007698894944041967, 2.4143550035660155e-05, 0.05065545812249184, 0.050446461886167526, 2.4143550035660155e-05, 0.18614278733730316, 0.1023857370018959, 2.4143550035660155e-05, 0.48030704259872437, 0.0589379221200943, 2.4143550035660155e-05, 0.24079808592796326, 0.1304924339056015, 2.4143550035660155e-05, 0.30483418703079224, 0.21844568848609924, 2.4143550035660155e-05, 0.37692946195602417, 0.08691692352294922, 1.1507385969161987, 1.101030945777893, 0.8353683948516846, -0.9999738335609436, -0.45829856395721436, 0.1415722370147705, -0.07387926429510117, -0.9999597668647766, 0.2694028615951538, -0.8166294097900391, -0.7221910953521729, 0.3370421528816223, 0.04286251217126846, 0.21685104072093964], "std": [0.03841141611337662, 0.03841141611337662, 0.03841141611337662, 0.04073205962777138, 0.03841141611337662, 0.07584786415100098, 0.03857177868485451, 0.03841141611337662, 0.07047392427921295, 0.0402023009955883, 0.03841141611337662, 0.10348295420408249, 0.15591078996658325, 0.03841141611337662, 0.1256706863641739, 0.20133145153522491, 0.03841141611337662, 0.33219021558761597, 0.03905734792351723, 0.03841141611337662, 0.08826828002929688, 0.07862871885299683, 0.03841141611337662, 0.1949569284915924, 0.10060574859380722, 0.03841141611337662, 0.13193033635616302, 0.09521905332803726, 0.03841141611337662, 0.2898494005203247, 0.17111164331436157, 0.03841141611337662, 0.24808302521705627, 0.34073278307914734, 0.03841141611337662, 0.3703087270259857, 0.44362789392471313, 1.3518434762954712, 1.3743139505386353, 1.46258544921875, 0.038490645587444305, 1.152862787246704, 1.4565582275390625, 1.3862134218215942, 0.03849085420370102, 1.4819151163101196, 0.718661904335022, 0.8702994585037231, 0.27763959765434265, 0.14736220240592957, 0.19121858477592468], "count": 289932.0}