{"mean": [0.9973353147506714, 0.0008202561875805259, 0.997277557849884, 0.007357491645962, 0.0008202561875805259, 0.08734477311372757, 0.004625463858246803, 0.0008202561875805259, 0.05555708706378937, 0.011086921207606792, 0.0008202561875805259, 0.08005508780479431, 0.8169398307800293, 0.0008202561875805259, 0.8916662335395813, 0.12958109378814697, 0.0008202561875805259, 0.35503706336021423, 0.00873638316988945, 0.0008202561875805259, 0.07315360009670258, 0.0591815710067749, 0.0008202561875805259, 0.21483568847179413, 0.09588302671909332, 0.0008202561875805259, 0.47691258788108826, 0.06695469468832016, 0.0008202561875805259, 0.2625802457332611, 0.12136752903461456, 0.0008202561875805259, 0.31087735295295715, 0.20154693722724915, 0.0008202561875805259, 0.3805144131183624, 0.038216352462768555, 0.7379818558692932, 0.7334422469139099, 0.39095062017440796, -0.992535412311554, -0.4871174991130829, -0.08323484659194946, -0.4612215757369995, -0.9913817048072815, 0.11281562596559525, -0.7525599598884583, -0.676824152469635, 0.28416529297828674, 0.0325620099902153, 0.1876760870218277], "std": [0.048886630684137344, 0.04888604208827019, 0.04923652485013008, 0.04288147762417793, 0.04888604208827019, 0.07965477555990219, 0.04184369370341301, 0.04888604208827019, 0.07849167287349701, 0.042749471962451935, 0.04888604208827019, 0.1077108383178711, 0.20476754009723663, 0.04888604208827019, 0.18684612214565277, 0.19966673851013184, 0.04888604208827019, 0.3258235454559326, 0.04294124245643616, 0.04888604208827019, 0.1040748730301857, 0.08250951021909714, 0.04888604208827019, 0.20897376537322998, 0.10097014904022217, 0.04888604208827019, 0.13451170921325684, 0.10540267825126648, 0.04888604208827019, 0.2803069055080414, 0.16152217984199524, 0.04888604208827019, 0.244190976023674, 0.31741106510162354, 0.04888604208827019, 0.3617308437824249, 0.5005598068237305, 1.4812976121902466, 1.4819130897521973, 1.4960441589355469, 0.14485369622707367, 1.1302133798599243, 1.3812223672866821, 1.151045560836792, 0.16562822461128235, 1.4491857290267944, 0.8251935243606567, 0.9300666451454163, 0.2683621346950531, 0.1153755709528923, 0.17998400330543518], "count": 314532.0}