{"mean": [0.9973353147506714, 0.0005160084110684693, 0.997277557849884, 0.007378430105745792, 0.0005160084110684693, 0.08576539903879166, 0.004580249078571796, 0.0005160084110684693, 0.05221448093652725, 0.010951154865324497, 0.0005160084110684693, 0.07823916524648666, 0.8306663632392883, 0.0005160084110684693, 0.9032992720603943, 0.13073395192623138, 0.0005160084110684693, 0.3565107583999634, 0.008256890811026096, 0.0005160084110684693, 0.06790980696678162, 0.058119624853134155, 0.0005160084110684693, 0.20880581438541412, 0.09757490456104279, 0.0005160084110684693, 0.47872045636177063, 0.06497694551944733, 0.0005160084110684693, 0.26083990931510925, 0.12375541031360626, 0.0005160084110684693, 0.3112322688102722, 0.20646725594997406, 0.0005160084110684693, 0.38156816363334656, 0.04352077841758728, 0.8443252444267273, 0.7894386649131775, 0.42637068033218384, -0.992535412311554, -0.49849632382392883, -0.060170143842697144, -0.4346134066581726, -0.9913817048072815, 0.1375870406627655, -0.7639425992965698, -0.6932833790779114, 0.30073419213294983, 0.03046044334769249, 0.1906428337097168], "std": [0.05489730462431908, 0.05489678680896759, 0.055123087018728256, 0.052149076014757156, 0.05489678680896759, 0.0843309685587883, 0.05118193104863167, 0.05489678680896759, 0.08276990801095963, 0.05221184343099594, 0.05489678680896759, 0.11222901195287704, 0.19427278637886047, 0.05489678680896759, 0.17292293906211853, 0.2030104547739029, 0.05489678680896759, 0.3279024362564087, 0.05196237564086914, 0.05489678680896759, 0.10585708916187286, 0.0877557173371315, 0.05489678680896759, 0.20989643037319183, 0.10587569326162338, 0.05489678680896759, 0.1370878964662552, 0.10732525587081909, 0.05489678680896759, 0.2832801342010498, 0.16643893718719482, 0.05489678680896759, 0.2441367506980896, 0.3260643780231476, 0.05489678680896759, 0.3646392524242401, 0.4937089681625366, 1.4589346647262573, 1.472912311553955, 1.496779441833496, 0.1210067942738533, 1.1185554265975952, 1.3908928632736206, 1.1725629568099976, 0.13662174344062805, 1.4554216861724854, 0.8082286715507507, 0.9080080986022949, 0.2761891782283783, 0.11345930397510529, 0.18409889936447144], "count": 500000.0}