{"mean": [0.9919996857643127, 0.007999999448657036, 0.9919996857643127, 0.004381137900054455, 0.007999999448657036, 0.11874311417341232, 0.003609300823882222, 0.007999999448657036, 0.11262299120426178, 0.009954467415809631, 0.007999999448657036, 0.11903241276741028, 0.6483786702156067, 0.007999999448657036, 0.7913774847984314, 0.07033486664295197, 0.015908317640423775, 0.2691926062107086, 0.028891392052173615, 0.015908317640423775, 0.2163582295179367, 0.0691971629858017, 0.007999999448657036, 0.30930691957473755, 0.08214157819747925, 0.007999999448657036, 0.4727412462234497, 0.15625131130218506, 0.23898917436599731, 0.46201032400131226, 0.12440820038318634, 0.23898917436599731, 0.4087032973766327, 0.24489958584308624, 0.23898917436599731, 0.5759120583534241, -0.4319925308227539, -1.0, -1.0, -1.0, -1.0, -1.0, -1.0, -1.0, -1.0, -1.0, -1.0, 0.21799996495246887, 0.028316590934991837, 0.0859442874789238, 0.037814922630786896], "std": [0.0889088436961174, 0.08890882134437561, 0.0889088436961174, 0.004330088850110769, 0.08890882134437561, 0.08659198880195618, 0.0034269869793206453, 0.08890882134437561, 0.06739775091409683, 0.009396478533744812, 0.08890882134437561, 0.09204542636871338, 0.19485290348529816, 0.08890882134437561, 0.1995624452829361, 0.1457824409008026, 0.08908909559249878, 0.26955920457839966, 0.05659208074212074, 0.08908909559249878, 0.1889892816543579, 0.06523557007312775, 0.08890882134437561, 0.207341730594635, 0.05666094273328781, 0.08890882134437561, 0.1385692059993744, 0.14184150099754333, 0.31138667464256287, 0.20055337250232697, 0.12135539948940277, 0.31138667464256287, 0.22313742339611053, 0.2791278064250946, 0.31138667464256287, 0.31501513719558716, 0.7000760436058044, 0.0015827169409021735, 0.0015827169409021735, 0.0015827169409021735, 0.0015827169409021735, 0.0015827169409021735, 0.0015827169409021735, 0.0015827169409021735, 0.0015827169409021735, 0.0015827169409021735, 0.0015827169409021735, 1.4639606475830078, 0.0636366531252861, 0.1848738193511963, 0.09326057881116867], "count": 500.0}