{"mean": [0.6836249828338623, 0.3163743317127228, 0.6824060082435608, 0.00807525496929884, 0.3163743317127228, 0.06611763685941696, 0.007457174360752106, 0.3163743317127228, 0.06263849884271622, 0.011143749579787254, 0.3163743317127228, 0.06426738947629929, 0.4473983645439148, 0.3163743317127228, 0.5214832425117493, 0.06087583303451538, 0.3193770945072174, 0.18539562821388245, 0.015061978250741959, 0.3193770945072174, 0.09840553253889084, 0.05080051347613335, 0.3163743317127228, 0.18985937535762787, 0.05766508728265762, 0.3163743317127228, 0.3058789372444153, 0.08612197637557983, 0.4567476212978363, 0.2534811496734619, 0.100748211145401, 0.4567476212978363, 0.27198052406311035, 0.18230541050434113, 0.4567476212978363, 0.3703095018863678, -0.8949254751205444, -0.9765738248825073, -0.9740116000175476, -0.9725474715232849, -0.9787701368331909, -0.9736451506614685, -0.9714495539665222, -0.9688870310783386, -0.973645031452179, -0.9827963709831238, -0.9644948840141296, -0.9740113615989685, 0.010808395221829414, 0.017407208681106567, 0.006056892219930887], "std": [0.4649525284767151, 0.4649527668952942, 0.46543291211128235, 0.05641793832182884, 0.4649527668952942, 0.09046418964862823, 0.056643761694431305, 0.4649527668952942, 0.0846717432141304, 0.045281894505023956, 0.4649527668952942, 0.0871482565999031, 0.37601742148399353, 0.4649527668952942, 0.42246222496032715, 0.1464574784040451, 0.4629811644554138, 0.27474161982536316, 0.062271177768707275, 0.4629811644554138, 0.13821403682231903, 0.07880493998527527, 0.4649527668952942, 0.21428105235099792, 0.0804973915219307, 0.4649527668952942, 0.24205569922924042, 0.13421039283275604, 0.4594064950942993, 0.2704770267009735, 0.14764995872974396, 0.4594064950942993, 0.2865138053894043, 0.29490938782691956, 0.4594064950942993, 0.3813512921333313, 0.3447657525539398, 0.26371198892593384, 0.27784499526023865, 0.2849540114402771, 0.25132226943969727, 0.27974122762680054, 0.29104000329971313, 0.30369511246681213, 0.2798421382904053, 0.22645217180252075, 0.3240230083465576, 0.2778971493244171, 0.07767350971698761, 0.11198627948760986, 0.03655393794178963], "count": 8196.0}