{"mean": [0.9964203238487244, 0.0035789799876511097, 0.9964203238487244, 0.004031218122690916, 0.0035789799876511097, 0.12500931322574615, 0.003315996378660202, 0.0035789799876511097, 0.11641423404216766, 0.00893442239612341, 0.0035789799876511097, 0.11275974661111832, 0.6917644739151001, 0.0035789799876511097, 0.8193855881690979, 0.09950613230466843, 0.010752213187515736, 0.33252447843551636, 0.019213901832699776, 0.010752213187515736, 0.184943288564682, 0.06505430489778519, 0.0035789799876511097, 0.29093077778816223, 0.07123783230781555, 0.0035789799876511097, 0.46382203698158264, 0.14369677007198334, 0.2716217339038849, 0.45806005597114563, 0.14580224454402924, 0.2716217339038849, 0.4419986605644226, 0.22715875506401062, 0.2716217339038849, 0.5838472843170166, -0.07544808834791183, -1.0, -1.0, -1.0, -1.0, -1.0, -0.7125442624092102, -1.0, -0.7686676979064941, -0.6393360495567322, -1.0, 0.7213278412818909, 0.03799140453338623, 0.16629154980182648, 0.04444998502731323], "std": [0.0599030964076519, 0.0599030964076519, 0.0599030964076519, 0.00682111456990242, 0.0599030964076519, 0.07935526221990585, 0.006327420938760042, 0.0599030964076519, 0.06449130922555923, 0.010375347919762135, 0.0599030964076519, 0.09380502998828888, 0.18935701251029968, 0.0599030964076519, 0.17940278351306915, 0.17090702056884766, 0.06067858636379242, 0.2932526469230652, 0.037389956414699554, 0.06067858636379242, 0.14464028179645538, 0.06517858058214188, 0.0599030964076519, 0.20754586160182953, 0.05728022754192352, 0.0599030964076519, 0.12957139313220978, 0.12187618762254715, 0.34753382205963135, 0.18265752494335175, 0.12495540827512741, 0.34753382205963135, 0.2006247192621231, 0.24416886270046234, 0.34753382205963135, 0.3071342706680298, 0.6739717721939087, 0.005544519051909447, 0.005544519051909447, 0.005544519051909447, 0.005544519051909447, 0.005544519051909447, 0.882240891456604, 0.005544519051909447, 0.7999097108840942, 0.9753114581108093, 0.005544519051909447, 1.4825505018234253, 0.08008060604333878, 0.258077472448349, 0.09161213785409927], "count": 6147.0}