{"mean": [0.9903683066368103, 0.009635384194552898, 0.9895765781402588, 0.009698995389044285, 0.009635384194552898, 0.0736384242773056, 0.008059615269303322, 0.009635384194552898, 0.07711292058229446, 0.016699468716979027, 0.009635384194552898, 0.09160063415765762, 0.6600095629692078, 0.009635384194552898, 0.77995365858078, 0.09858472645282745, 0.009635384194552898, 0.26923251152038574, 0.030988864600658417, 0.009635384194552898, 0.14126811921596527, 0.0733795166015625, 0.009635384194552898, 0.2610826790332794, 0.100955069065094, 0.009635384194552898, 0.45897340774536133, 0.08182406425476074, 0.009635384194552898, 0.23687277734279633, 0.10586316883563995, 0.009635384194552898, 0.3141906261444092, 0.22169266641139984, 0.009635384194552898, 0.38052865862846375, 0.013023694977164268, -0.06656083464622498, 0.37971773743629456, 0.2747502624988556, -0.9498435258865356, -0.22212161123752594, -0.2193438559770584, -0.4405060112476349, -0.9491984844207764, -0.24649383127689362, -0.47889554500579834, -0.612145185470581, 0.20250269770622253, 0.06176229566335678, 0.1431213766336441], "std": [0.10010771453380585, 0.10010632127523422, 0.10360398888587952, 0.04591957479715347, 0.10010632127523422, 0.08141378313302994, 0.04418293014168739, 0.10010632127523422, 0.0781736820936203, 0.0482998862862587, 0.10010632127523422, 0.09537062793970108, 0.271829754114151, 0.10010632127523422, 0.26785311102867126, 0.1766439527273178, 0.10010632127523422, 0.314874529838562, 0.09241961687803268, 0.10010632127523422, 0.18373070657253265, 0.08884888887405396, 0.10010632127523422, 0.20496214926242828, 0.1270463913679123, 0.10010632127523422, 0.17789588868618011, 0.13506849110126495, 0.10010632127523422, 0.2521180510520935, 0.14545726776123047, 0.10010632127523422, 0.2870033383369446, 0.34277108311653137, 0.10010632127523422, 0.37293052673339844, 0.5415763854980469, 1.3888869285583496, 1.4951789379119873, 1.482986330986023, 0.38544294238090515, 1.3147343397140503, 1.3162063360214233, 1.1685643196105957, 0.3876090943813324, 1.3010058403015137, 1.1365712881088257, 1.0065299272537231, 0.23077432811260223, 0.17862647771835327, 0.1525641828775406], "count": 96000.0}