{"mean": [0.951870858669281, 0.04812508448958397, 0.9518276453018188, 0.007371377199888229, 0.04812508448958397, 0.09581007063388824, 0.006042272783815861, 0.04812508448958397, 0.07592993229627609, 0.012072487734258175, 0.04812508448958397, 0.09120593219995499, 0.6392669081687927, 0.04812508448958397, 0.758993923664093, 0.07408083975315094, 0.05159452185034752, 0.24340705573558807, 0.03181817755103111, 0.05159452185034752, 0.17766669392585754, 0.06467384845018387, 0.04812508448958397, 0.26007595658302307, 0.08667215704917908, 0.04812508448958397, 0.4509030282497406, 0.13287389278411865, 0.25107434391975403, 0.40650469064712524, 0.1314263939857483, 0.25107434391975403, 0.3575682044029236, 0.2575780749320984, 0.25107434391975403, 0.5373831987380981, -0.788683295249939, -0.7114530205726624, -0.9559478759765625, -0.9793618321418762, -0.9767395257949829, -0.9849915504455566, -0.9794280529022217, -0.9663649201393127, -0.9706082344055176, -0.9845041036605835, -0.9829222559928894, -0.9786940813064575, 0.05706546828150749, 0.010174250230193138, 0.01986830122768879], "std": [0.21450306475162506, 0.2145010232925415, 0.21459385752677917, 0.026768287643790245, 0.2145010232925415, 0.08244294673204422, 0.03856080397963524, 0.2145010232925415, 0.08125350624322891, 0.030428137630224228, 0.2145010232925415, 0.09109005331993103, 0.2734871804714203, 0.2145010232925415, 0.2812409996986389, 0.15208542346954346, 0.2139052152633667, 0.28077682852745056, 0.07276573032140732, 0.2139052152633667, 0.20793408155441284, 0.07316464930772781, 0.2145010232925415, 0.2084045559167862, 0.07830947637557983, 0.2145010232925415, 0.17375370860099792, 0.13890962302684784, 0.3592248558998108, 0.26544860005378723, 0.15109769999980927, 0.3592248558998108, 0.260875403881073, 0.31071650981903076, 0.3592248558998108, 0.34701886773109436, 0.4749252498149872, 0.8845652341842651, 0.36131006479263306, 0.24825778603553772, 0.2634289264678955, 0.21212846040725708, 0.2479247897863388, 0.3162045478820801, 0.2958194315433502, 0.21558676660060883, 0.22606126964092255, 0.25236865878105164, 0.17770174145698547, 0.07780184596776962, 0.0705806165933609], "count": 48000.0}