{"mean": [0.8494624495506287, 0.1505376100540161, 0.8494624495506287, 0.0041732825338840485, 0.1505376100540161, 0.09117162227630615, 0.0041122292168438435, 0.1505376100540161, 0.08915455639362335, 0.009584560990333557, 0.1505376100540161, 0.09350358694791794, 0.5694804191589355, 0.1505376100540161, 0.6590766310691833, 0.09337931871414185, 0.15541400015354156, 0.28845179080963135, 0.01282609160989523, 0.15541400015354156, 0.1306544989347458, 0.06272858381271362, 0.1505376100540161, 0.261077880859375, 0.06279873102903366, 0.1505376100540161, 0.4024544954299927, 0.09284842014312744, 0.37665215134620667, 0.3209589123725891, 0.1110047847032547, 0.37665215134620667, 0.34054940938949585, 0.16200575232505798, 0.37665215134620667, 0.4382200241088867, -0.5778557062149048, -0.8790322542190552, -0.967741847038269, -0.7661289572715759, -0.911290168762207, -0.9193549156188965, -0.8951610922813416, -0.9354836940765381, -0.9354837536811829, -0.8629034161567688, -0.9435486197471619, -0.9032255411148071, 0.06504020094871521, 0.05465579777956009, 0.032793354243040085], "std": [0.3554927706718445, 0.3554927706718445, 0.3554927706718445, 0.007125447038561106, 0.3554927706718445, 0.08539531379938126, 0.007534885313361883, 0.3554927706718445, 0.07709330320358276, 0.01549339946359396, 0.3554927706718445, 0.09049332141876221, 0.32710134983062744, 0.3554927706718445, 0.3580206632614136, 0.1670917421579361, 0.3535866141319275, 0.3063049614429474, 0.019390402361750603, 0.3535866141319275, 0.12373726069927216, 0.0682251825928688, 0.3554927706718445, 0.20970146358013153, 0.06275499612092972, 0.3554927706718445, 0.20015853643417358, 0.10747895389795303, 0.4203133285045624, 0.23980484902858734, 0.12408864498138428, 0.4203133285045624, 0.2512294352054596, 0.2244979739189148, 0.4203133285045624, 0.34802064299583435, 0.5956950187683105, 0.5863671898841858, 0.3080802857875824, 0.7977077960968018, 0.5063076019287109, 0.483510285615921, 0.5495699644088745, 0.4340040683746338, 0.4343424439430237, 0.6248534917831421, 0.40278759598731995, 0.5273866057395935, 0.19036613404750824, 0.19654318690299988, 0.0885004997253418], "count": 372.0}