{"mean": [0.9962019920349121, 0.003799998201429844, 0.9962019920349121, 0.004189219791442156, 0.003799998201429844, 0.11586076021194458, 0.003449671668931842, 0.003799998201429844, 0.11032067984342575, 0.009751160629093647, 0.003799998201429844, 0.11492100358009338, 0.6632987856864929, 0.003799998201429844, 0.7986250519752502, 0.09023755043745041, 0.011310138739645481, 0.3039951026439667, 0.024517595767974854, 0.011310138739645481, 0.197834774851799, 0.06741815060377121, 0.003799998201429844, 0.30233389139175415, 0.07736995816230774, 0.003799998201429844, 0.47209808230400085, 0.1529185175895691, 0.2639116942882538, 0.45584848523139954, 0.13177353143692017, 0.2639116942882538, 0.4234166443347931, 0.2418976128101349, 0.2639116942882538, 0.5821338891983032, -0.3787219226360321, -1.0, -1.0, -1.0, -1.0, -1.0, -0.86620032787323, -1.0, -0.8833003044128418, -0.847600519657135, -1.0, 0.06830006837844849, 0.03143976256251335, 0.09841305762529373, 0.03344513475894928], "std": [0.06190181523561478, 0.06190182641148567, 0.06190181523561478, 0.008143270388245583, 0.06190182641148567, 0.08686619997024536, 0.007706890814006329, 0.06190182641148567, 0.06818240135908127, 0.011901555582880974, 0.06190182641148567, 0.09249439090490341, 0.20409199595451355, 0.06190182641148567, 0.20423735678195953, 0.16428060829639435, 0.06267806887626648, 0.294052392244339, 0.04914236068725586, 0.06267806887626648, 0.17269214987754822, 0.06640491634607315, 0.06190182641148567, 0.2075728476047516, 0.057159386575222015, 0.06190182641148567, 0.13184477388858795, 0.13711272180080414, 0.3364153206348419, 0.19201047718524933, 0.12022354453802109, 0.3364153206348419, 0.21737219393253326, 0.2745097875595093, 0.3364153206348419, 0.31132814288139343, 0.7025860548019409, 0.007071682717651129, 0.007071682717651129, 0.007071682717651129, 0.007071682717651129, 0.007071682717651129, 0.6187817454338074, 0.007071682717651129, 0.5797566771507263, 0.6585186123847961, 0.007071682717651129, 1.4359533786773682, 0.08510512113571167, 0.20858968794345856, 0.08397121727466583], "count": 10000.0}