{
  "total_episodes": 510,
  "total_steps": 6144,
  "all_episode_rewards": [
    6.081901952543479,
    -5.37057427912386,
    24.2842633705621,
    -0.6374568813356056,
    27.3867251059358,
    24.81951276157746,
    7.717009584450299,
    19.168124927309904,
    14.461673701989007,
    27.244060892826205,
    18.862745142817005,
    12.614108927563484,
    12.384255713965665,
    6.881417581272094,
    9.050445947492426,
    18.16324543047743,
    18.455158153197566,
    21.24007808758727,
    -2.0566088828971156,
    22.477819665493826,
    24.048610012039,
    31.993482413025085,
    21.912255113441688,
    -6.316475634242469,
    20.72309009165037,
    16.950014349844537,
    -22.199999999999992,
    22.72293442519793,
    25.270691232002264,
    3.5435301827827033,
    21.699932409474528,
    -13.756608882897117,
    22.696063139232567,
    25.57638512390556,
    17.35100199762096,
    22.6554777660113,
    19.674508246533303,
    -0.4306011740822715,
    -14.239065855148713,
    31.563957624283155,
    16.460893545501456,
    26.47972303444459,
    7.503357486362635,
    2.8561354394133365,
    -26.249999999999996,
    -2.7197972923113114,
    17.21503875463653,
    1.7179608451838386,
    21.14138395053185,
    23.884279798816753,
    16.876319879964335,
    2.8368143967878474,
    2.074098016470913,
    14.285650448888157,
    10.561956453263594,
    9.496814213614986,
    2.396521767472728,
    23.793273565181437,
    19.245038693511844,
    19.625983800692957,
    1.9368143967878457,
    15.982699493405242,
    -16.906608882897114,
    20.64327356518144,
    16.98860124752041,
    13.89780261290067,
    20.864700328547713,
    19.36831754891597,
    21.889761520854673,
    -4.4456747380458275,
    10.891963642236485,
    -2.890528926997119,
    28.64569342401076,
    30.53573602487762,
    14.830994439344995,
    2.5533574863626334,
    12.549176187015107,
    28.504464864450863,
    21.150421852389563,
    15.104858605860297,
    23.55359872951148,
    20.518548771301234,
    17.328102176611935,
    24.896774430289234,
    15.026583138696806,
    22.283978848058652,
    -6.029686912346698,
    15.912145235808406,
    6.2543883396429845,
    -1.9978211334513447,
    23.700078108688096,
    -12.439065855148712,
    23.41347591960272,
    -2.056608882897116,
    24.585216666828956,
    24.72707936698012,
    -5.889065855148711,
    29.51577933305061,
    22.270041293383997,
    16.04575185892406,
    14.55645483230049,
    16.336814396787847,
    18.544810980065705,
    28.30561356113877,
    30.297204463014232,
    4.817139338174833,
    -1.8964238385284222,
    18.690583803867654,
    18.487234182772518,
    9.639778631294236,
    7.889023538531635,
    15.44905197356784,
    23.287858965425645,
    -11.302754560408871,
    17.490205330717867,
    21.24371898603461,
    6.882254967293077,
    28.343139424178542,
    21.42161750966061,
    14.690751563742168,
    25.48470292656478,
    12.578068483047135,
    1.361113285660926,
    3.7420408592712198,
    -1.9517731758725532,
    19.956231844183062,
    28.851598594377847,
    11.46955639919998,
    18.595488238769143,
    24.800835804809,
    12.185644674907149,
    19.155117921324994,
    14.341890375248704,
    25.3867369934247,
    -8.806608882897116,
    5.90432526195417,
    20.755979406971207,
    12.987847925491431,
    21.782611721203573,
    -6.140024273637691,
    24.436339848348553,
    10.962212223616183,
    14.780240500629567,
    25.43469599956849,
    28.63357768682441,
    18.151628900954474,
    10.981327561544909,
    13.115481346270585,
    22.772592515469682,
    30.4322912703832,
    2.2747640697852662,
    -12.856608882897117,
    1.2779811741460798,
    24.844557586813504,
    2.386814396787848,
    20.827372072648494,
    -1.9075896662971763,
    26.67863081091816,
    23.57218434550657,
    22.72194748640129,
    16.842351726123383,
    26.08369415223455,
    24.653383849618763,
    12.112822105602696,
    14.602105796055683,
    34.09608567274423,
    -1.8390658551487116,
    11.208758445786165,
    22.728597987488023,
    25.583146185294616,
    22.395003312248047,
    19.86263867054988,
    7.881013548082677,
    18.113752044436342,
    25.917960069213557,
    0.6109341448512859,
    22.306916851611632,
    -13.2,
    26.24703280392445,
    15.156493127546133,
    -9.124602173171665,
    19.70580240462668,
    17.200904444505653,
    15.632930260810069,
    22.947369561199924,
    25.40801606987168,
    -0.9639248309888397,
    21.69146723073104,
    19.34380135525504,
    26.41632270100959,
    -24.9,
    -2.2012343808150057,
    -19.499999999999996,
    21.54536442800342,
    22.244762045380618,
    5.051472272164119,
    22.036941853666132,
    26.88834922499102,
    19.774576683198443,
    23.263030708774536,
    26.793011385115022,
    25.58298111182195,
    23.180997176162663,
    16.043398526186614,
    4.662865359481298,
    16.021851989730106,
    19.778594736840112,
    23.175149635220805,
    25.242132897960104,
    25.825546160965466,
    -16.039065855148714,
    15.778481857659152,
    26.562339680494475,
    -13.174602173171664,
    28.271592408425835,
    -10.474602173171665,
    23.41357748785164,
    19.67167757635228,
    -6.239868848087514,
    6.73694185366613,
    22.19432832246033,
    16.525343528158807,
    -15.450000000000001,
    19.79982225019435,
    20.395870846461364,
    23.794603864816402,
    25.20654882763108,
    -2.025222712261864,
    9.834185576274107,
    21.297754599972773,
    -17.7,
    -0.7235118985999476,
    24.20172646289108,
    10.813981532241373,
    30.605187495894715,
    11.141845049588186,
    22.290454118529453,
    25.824686556537717,
    20.045011089942797,
    15.060193285088955,
    20.164621260672135,
    21.162339680494473,
    13.652587028025264,
    21.768806268430414,
    17.448068748314714,
    -10.05924843625783,
    -27.599999999999994,
    23.449457526357403,
    16.167704754097084,
    22.942323543422056,
    21.991687608706894,
    12.719313242892563,
    -1.3501777498056518,
    20.10579947425279,
    10.486814396787848,
    16.27400518443287,
    20.46328757977571,
    20.12985791655845,
    22.28533513337822,
    29.34016643072617,
    -18.07020530418816,
    27.94076441736593,
    13.460934144851286,
    17.53405810142307,
    15.16778890099919,
    22.550506407972307,
    23.353785475988186,
    14.87870986670507,
    18.576548919237702,
    20.707692104014118,
    20.945398846113104,
    11.125397826828339,
    32.920208902772345,
    23.68851101941859,
    24.44551517512804,
    28.40259292520692,
    19.12750362288402,
    22.51596635011086,
    -23.999999999999996,
    23.04259312024496,
    8.984765304376541,
    17.182109133152707,
    5.521216517532334,
    20.956249466240692,
    27.028230063103322,
    18.909704040521493,
    -21.406608882897114,
    9.831037473585816,
    27.425032245294922,
    20.64731092682604,
    -11.056608882897116,
    33.12921207945144,
    29.650366144663693,
    -19.63906585514871,
    26.536102163014966,
    10.458497205709442,
    -0.23628489149602316,
    29.239916500354973,
    22.388641695245717,
    20.19731092682604,
    22.510876934302296,
    19.735173460827436,
    -5.501234380815006,
    20.52092540479836,
    -15.93742808935756,
    19.221885075063007,
    -3.889065855148713,
    -23.999999999999996,
    11.21852188964917,
    26.735770198680882,
    16.36093414485129,
    19.50140553564318,
    30.780270234659067,
    19.086600888645748,
    -23.999999999999996,
    25.14719777781201,
    -5.465814423725888,
    12.81772667176168,
    18.285314532236058,
    21.877566239407308,
    18.07271484848692,
    25.443425932221405,
    17.53938054755427,
    -11.4,
    18.107958943285276,
    35.797605437585034,
    25.362756521525352,
    10.055879277777604,
    22.598765619185,
    18.074184122693286,
    12.481995254163994,
    21.599822250194347,
    18.569197572278412,
    15.527503622884021,
    -15.3931415949548,
    5.340437776988618,
