{"mean": [0.876362681388855, 0.12363744527101517, 0.876362681388855, 0.029831180348992348, 0.12363744527101517, 0.04414483532309532, 0.029831180348992348, 0.12363744527101517, 0.04414483532309532, 0.018130814656615257, 0.12363744527101517, 0.03896516188979149, 0.749441385269165, 0.12363744527101517, 0.8165890574455261, 0.2896493673324585, 0.18127793073654175, 0.5711236596107483, 0.050646718591451645, 0.18127793073654175, 0.1635551005601883, 0.03202243894338608, 0.12363744527101517, 0.15915547311306, 0.06770840287208557, 0.12363744527101517, 0.48786816000938416, 0.13535940647125244, 0.8528039455413818, 0.37900635600090027, 0.1598844975233078, 0.8528039455413818, 0.40740182995796204, 0.20485994219779968, 0.8528039455413818, 0.6098440885543823, -0.21557345986366272, -0.9951195120811462, -0.9819424152374268, -0.9038558602333069, -0.7301115989685059, -0.4221574664115906, -0.18984870612621307, -0.21229864656925201, -0.3645683526992798, -0.7179116010665894, -0.9590052962303162, -0.9956108331680298, 0.04096929728984833, 0.1345541924238205, 0.027340739965438843], "std": [0.3290099799633026, 0.3290099799633026, 0.3290099799633026, 0.11633901298046112, 0.3290099799633026, 0.10562059283256531, 0.11633901298046112, 0.3290099799633026, 0.10562059283256531, 0.07056671380996704, 0.3290099799633026, 0.03449520096182823, 0.32445934414863586, 0.3290099799633026, 0.3353213667869568, 0.20544984936714172, 0.3836764693260193, 0.4071776270866394, 0.09294702857732773, 0.3836764693260193, 0.25833600759506226, 0.11664276570081711, 0.3290099799633026, 0.09920458495616913, 0.14211532473564148, 0.3290099799633026, 0.19741013646125793, 0.11234861612319946, 0.18088427186012268, 0.26841846108436584, 0.12815825641155243, 0.18088427186012268, 0.2867027223110199, 0.12619298696517944, 0.18088427186012268, 0.32502713799476624, 0.5997182726860046, 0.12100869417190552, 0.2320433259010315, 0.5280525088310242, 0.8578180074691772, 1.18206787109375, 1.3311400413513184, 1.3194937705993652, 1.2255436182022095, 0.875501275062561, 0.34829577803611755, 0.11483234167098999, 0.1583535522222519, 0.2543136775493622, 0.07808557152748108], "count": 6147.0}