{"mean": [0.8711575269699097, 0.12884347140789032, 0.8711575269699097, 0.003897713264450431, 0.12884347140789032, 0.10459393262863159, 0.0034234418999403715, 0.12884347140789032, 0.09764788299798965, 0.008427474647760391, 0.12884347140789032, 0.09499731659889221, 0.6046300530433655, 0.12884347140789032, 0.7041580677032471, 0.09273937344551086, 0.1339435577392578, 0.2978437840938568, 0.012541491538286209, 0.1339435577392578, 0.14148907363414764, 0.05890878289937973, 0.12884347140789032, 0.2543134391307831, 0.059733472764492035, 0.12884347140789032, 0.4029940366744995, 0.1067785993218422, 0.3568931818008423, 0.36741942167282104, 0.1256052702665329, 0.3568931818008423, 0.37468087673187256, 0.18397991359233856, 0.3568931818008423, 0.4808231592178345, -0.623635470867157, -0.9180083274841309, -0.9238654971122742, -0.8477308750152588, -0.9121529459953308, -0.8975108861923218, -0.8887264132499695, -0.9092240929603577, -0.9150807857513428, -0.9062960147857666, -0.8857978582382202, -0.9209376573562622, 0.034977301955223083, 0.05898080766201019, 0.022301089018583298], "std": [0.3343236744403839, 0.3343234956264496, 0.3343236744403839, 0.0121088782325387, 0.3343234956264496, 0.08229581266641617, 0.011955841444432735, 0.3343234956264496, 0.07288981229066849, 0.014778979122638702, 0.3343234956264496, 0.09319192171096802, 0.299920916557312, 0.3343234956264496, 0.3262435793876648, 0.16771964728832245, 0.33252349495887756, 0.30100148916244507, 0.020923424512147903, 0.33252349495887756, 0.11928640305995941, 0.06547033041715622, 0.3343234956264496, 0.21361877024173737, 0.05806431919336319, 0.3343234956264496, 0.1926821619272232, 0.11071079224348068, 0.4142444431781769, 0.2294415384531021, 0.12925781309604645, 0.4142444431781769, 0.23983490467071533, 0.23975257575511932, 0.4142444431781769, 0.34696125984191895, 0.570223331451416, 0.4885305166244507, 0.47109413146972656, 0.6574224829673767, 0.5048564076423645, 0.5445528626441956, 0.5663079023361206, 0.5134486556053162, 0.4972366988658905, 0.5208179354667664, 0.5728803277015686, 0.4801461100578308, 0.12621745467185974, 0.19508163630962372, 0.06548402458429337], "count": 2049.0}