{"mean": [0.9940001368522644, 0.006000000052154064, 0.9940001368522644, 0.00452994741499424, 0.006000000052154064, 0.12467454373836517, 0.003697130363434553, 0.006000000052154064, 0.11824457347393036, 0.010349822230637074, 0.006000000052154064, 0.12126719206571579, 0.6533737182617188, 0.006000000052154064, 0.7890788316726685, 0.07868237793445587, 0.014300236478447914, 0.2929212152957916, 0.019751640036702156, 0.014300236478447914, 0.19141905009746552, 0.07298509776592255, 0.006000000052154064, 0.3111535310745239, 0.0799289271235466, 0.006000000052154064, 0.4672953486442566, 0.14502492547035217, 0.23745985329151154, 0.4420205056667328, 0.12834863364696503, 0.23745985329151154, 0.42282137274742126, 0.23552757501602173, 0.23745985329151154, 0.5634630918502808, -0.35529977083206177, -1.0, -1.0, -1.0, -1.0, -1.0, -1.0, -1.0, -0.9880001544952393, -1.0, -1.0, 0.37400007247924805, 0.03137563169002533, 0.10148468613624573, 0.04185387119650841], "std": [0.07515303045511246, 0.07515303790569305, 0.07515303045511246, 0.0043962751515209675, 0.07515303790569305, 0.08607421815395355, 0.003471131669357419, 0.07515303790569305, 0.0652296245098114, 0.009501663967967033, 0.07515303790569305, 0.0940283015370369, 0.19771625101566315, 0.07515303790569305, 0.2002698928117752, 0.15255406498908997, 0.07561516016721725, 0.2746574580669403, 0.03812616318464279, 0.07561516016721725, 0.1508568376302719, 0.06561627984046936, 0.07515303790569305, 0.2099749594926834, 0.05682568624615669, 0.07515303790569305, 0.13029375672340393, 0.13737133145332336, 0.31802207231521606, 0.18393078446388245, 0.11884143203496933, 0.31802207231521606, 0.2139330953359604, 0.28270423412323, 0.31802207231521606, 0.3127932548522949, 0.7141196727752686, 0.0015827169409021735, 0.0015827169409021735, 0.0015827169409021735, 0.0015827169409021735, 0.0015827169409021735, 0.0015827169409021735, 0.0015827169409021735, 0.18914945423603058, 0.0015827169409021735, 0.0015827169409021735, 1.485686182975769, 0.06613494455814362, 0.21081407368183136, 0.09710140526294708], "count": 500.0}