{"mean": [1.0, 0.0, 1.0, 0.003906413447111845, 0.0, 0.11267697811126709, 0.003203279571607709, 0.0, 0.1083672046661377, 0.008772317320108414, 0.0, 0.1099943071603775, 0.6834830641746521, 0.0, 0.8220760822296143, 0.1021062508225441, 0.007241911720484495, 0.3244144022464752, 0.028308242559432983, 0.007241911720484495, 0.20814701914787292, 0.06171751022338867, 0.0, 0.2910734713077545, 0.07658305764198303, 0.0, 0.47734352946281433, 0.1623443365097046, 0.2918260395526886, 0.47342580556869507, 0.13774803280830383, 0.2918260395526886, 0.43512168526649475, 0.2532583177089691, 0.2918260395526886, 0.6108590364456177, -0.37629881501197815, -1.0, -1.0, -1.0, -1.0, -1.0, -1.0, -1.0, -1.0, -1.0, -1.0, 0.33199983835220337, 0.02357478067278862, 0.10548319667577744, 0.030177444219589233], "std": [0.0015827169409021735, 0.0015827169409021735, 0.0015827169409021735, 0.004230912309139967, 0.0015827169409021735, 0.08599212765693665, 0.003372729755938053, 0.0015827169409021735, 0.06895353645086288, 0.009227007627487183, 0.0015827169409021735, 0.09103062003850937, 0.19444091618061066, 0.0015827169409021735, 0.18430115282535553, 0.17201650142669678, 0.011973083950579166, 0.3045468032360077, 0.054337527602910995, 0.011973083950579166, 0.18392252922058105, 0.06516916304826736, 0.0015827169409021735, 0.20262715220451355, 0.05718156322836876, 0.0015827169409021735, 0.1307608187198639, 0.13552501797676086, 0.3442307114601135, 0.18785037100315094, 0.11911400407552719, 0.3442307114601135, 0.21310772001743317, 0.2686949074268341, 0.3442307114601135, 0.2972506582736969, 0.7140182852745056, 0.0015827169409021735, 0.0015827169409021735, 0.0015827169409021735, 0.0015827169409021735, 0.0015827169409021735, 0.0015827169409021735, 0.0015827169409021735, 0.0015827169409021735, 0.0015827169409021735, 0.0015827169409021735, 1.4814337491989136, 0.05656978487968445, 0.2086242139339447, 0.08244618773460388], "count": 500.0}