{"mean": [0.957253634929657, 0.04274208843708038, 0.9546692967414856, 0.02892504818737507, 0.04274208843708038, 0.07266101241111755, 0.029160985723137856, 0.04274208843708038, 0.06762318313121796, 0.030886787921190262, 0.04274208843708038, 0.06660854816436768, 0.6592598557472229, 0.04274208843708038, 0.7376945614814758, 0.10315743088722229, 0.04274208843708038, 0.2319360226392746, 0.05422490835189819, 0.04274208843708038, 0.1392654925584793, 0.07931961864233017, 0.04274208843708038, 0.21747586131095886, 0.12646202743053436, 0.04274208843708038, 0.4478934705257416, 0.10511693358421326, 0.04274208843708038, 0.2454415112733841, 0.0944778099656105, 0.04274208843708038, 0.2222345918416977, 0.2043134570121765, 0.04274208843708038, 0.3358771800994873, -0.019639544188976288, 0.30941227078437805, -0.378948450088501, -0.4311662018299103, -0.8536462783813477, -0.28144869208335876, -0.276801198720932, 0.07600586861371994, -0.5886398553848267, -0.439995139837265, -0.5513149499893188, -0.4829864203929901, 0.17965644598007202, 0.15508411824703217, 0.10833805054426193], "std": [0.20280258357524872, 0.20280258357524872, 0.2085181027650833, 0.10329790413379669, 0.20280258357524872, 0.1025221198797226, 0.11357476562261581, 0.20280258357524872, 0.11070158332586288, 0.08955542743206024, 0.20280258357524872, 0.09259640425443649, 0.316549152135849, 0.20280258357524872, 0.3318153917789459, 0.1820983737707138, 0.20280258357524872, 0.30625927448272705, 0.13834533095359802, 0.20280258357524872, 0.2059202790260315, 0.11655043810606003, 0.20280258357524872, 0.2004883885383606, 0.15579994022846222, 0.20280258357524872, 0.19563154876232147, 0.16467536985874176, 0.20280258357524872, 0.2768199145793915, 0.14376400411128998, 0.20280258357524872, 0.2599886953830719, 0.32168814539909363, 0.20280258357524872, 0.36493414640426636, 0.531318724155426, 1.4877756834030151, 1.215442419052124, 1.1759254932403564, 0.6461637616157532, 1.2802917957305908, 1.283113956451416, 1.4387588500976562, 1.0318647623062134, 1.1688731908798218, 1.0698692798614502, 1.1329479217529297, 0.2523097097873688, 0.29815685749053955, 0.14485423266887665], "count": 44523.0}