{"mean": [0.8423619866371155, 0.15763790905475616, 0.8418739438056946, 0.005336191039532423, 0.15763790905475616, 0.09682966768741608, 0.005555862095206976, 0.15763790905475616, 0.09181437641382217, 0.009689506143331528, 0.15763790905475616, 0.08882994204759598, 0.5831436514854431, 0.15763790905475616, 0.6800683736801147, 0.09024040400981903, 0.16250696778297424, 0.2833900451660156, 0.015317734330892563, 0.16250696778297424, 0.1363348513841629, 0.05767640098929405, 0.15763790905475616, 0.24127627909183502, 0.06137482076883316, 0.15763790905475616, 0.38799557089805603, 0.10483057051897049, 0.3783959150314331, 0.3470822274684906, 0.12664750218391418, 0.3783959150314331, 0.36407941579818726, 0.1912796050310135, 0.3783959150314331, 0.472724974155426, -0.6421836018562317, -0.8945834636688232, -0.9297221899032593, -0.9004390239715576, -0.9224019050598145, -0.8784767985343933, -0.9165440201759338, -0.9150816202163696, -0.9370422959327698, -0.9062952399253845, -0.8975118398666382, -0.9165452718734741, 0.042602695524692535, 0.049766864627599716, 0.02245488204061985], "std": [0.3635629713535309, 0.3635629713535309, 0.3640216886997223, 0.03320293501019478, 0.3635629713535309, 0.08471526950597763, 0.044278714805841446, 0.3635629713535309, 0.08076556771993637, 0.034395184367895126, 0.3635629713535309, 0.09284771233797073, 0.3209036588668823, 0.3635629713535309, 0.3524196743965149, 0.16772598028182983, 0.36159974336624146, 0.30210623145103455, 0.04982704296708107, 0.36159974336624146, 0.13406316936016083, 0.07216424494981766, 0.3635629713535309, 0.2152317464351654, 0.06783360242843628, 0.3635629713535309, 0.20750349760055542, 0.11798541992902756, 0.4223845303058624, 0.24771034717559814, 0.13704514503479004, 0.4223845303058624, 0.25443387031555176, 0.25195813179016113, 0.4223845303058624, 0.3570590615272522, 0.5607502460479736, 0.5515663623809814, 0.4532221257686615, 0.5358448624610901, 0.47539690136909485, 0.5908827781677246, 0.4929593801498413, 0.49726179242134094, 0.42962536215782166, 0.5211880207061768, 0.544575572013855, 0.49302512407302856, 0.1477021723985672, 0.17937405407428741, 0.0674736425280571], "count": 2049.0}