{"mean": [0.44899997115135193, 0.5509993433952332, 0.4447002410888672, 0.011605555191636086, 0.5509993433952332, 0.033771879971027374, 0.011872612871229649, 0.5509993433952332, 0.03292851150035858, 0.01391189731657505, 0.5509993433952332, 0.03640364855527878, 0.27938786149024963, 0.5509993433952332, 0.3114396631717682, 0.048139262944459915, 0.5523451566696167, 0.11325593292713165, 0.015848958864808083, 0.5523451566696167, 0.051309455186128616, 0.041000962257385254, 0.5509993433952332, 0.12411050498485565, 0.044935230165719986, 0.5509993433952332, 0.19941577315330505, 0.05228480324149132, 0.6400938034057617, 0.133239284157753, 0.059574056416749954, 0.6400938034057617, 0.1434623897075653, 0.10283093899488449, 0.6400938034057617, 0.19898489117622375, -0.31389227509498596, -0.8160998821258545, -0.679900050163269, -0.7375004887580872, -0.696999192237854, -0.7315002679824829, -0.718001127243042, -0.6483992338180542, -0.6802003383636475, -0.7102001905441284, -0.6960998177528381, -0.70779949426651, 0.06520336121320724, 0.04965446889400482, 0.015583264641463757], "std": [0.4972609579563141, 0.4972608685493469, 0.49680158495903015, 0.08105432987213135, 0.4972608685493469, 0.07360075414180756, 0.08569396287202835, 0.4972608685493469, 0.07591994106769562, 0.07649295032024384, 0.4972608685493469, 0.07099432498216629, 0.37788644433021545, 0.4972608685493469, 0.41645410656929016, 0.1412300169467926, 0.49580344557762146, 0.24388228356838226, 0.08769313246011734, 0.49580344557762146, 0.11086208373308182, 0.09868279099464417, 0.4972608685493469, 0.18991680443286896, 0.09780155122280121, 0.4972608685493469, 0.24183456599712372, 0.12393608689308167, 0.4605569839477539, 0.23134033381938934, 0.13173729181289673, 0.4605569839477539, 0.24813716113567352, 0.239003524184227, 0.4605569839477539, 0.3327403962612152, 0.5228570103645325, 0.7194615602493286, 0.9257580637931824, 0.8473934531211853, 0.9037632942199707, 0.8562024831771851, 0.8751671314239502, 0.9646556973457336, 0.925626277923584, 0.8859720230102539, 0.9049018025398254, 0.8892939686775208, 0.22025442123413086, 0.1887221485376358, 0.06062314286828041], "count": 10000.0}