{"mean": [0.846266508102417, 0.1537335216999054, 0.846266508102417, 0.003706761635839939, 0.1537335216999054, 0.09767225384712219, 0.0031927640084177256, 0.1537335216999054, 0.09070410579442978, 0.008038214407861233, 0.1537335216999054, 0.08808398246765137, 0.5883902311325073, 0.1537335216999054, 0.6860798597335815, 0.08848734200000763, 0.15840087831020355, 0.2813698351383209, 0.013785475865006447, 0.15840087831020355, 0.1381283849477768, 0.055172957479953766, 0.1537335216999054, 0.23944248259067535, 0.05959813669323921, 0.1537335216999054, 0.39163118600845337, 0.10704029351472855, 0.37393099069595337, 0.35776659846305847, 0.12423347681760788, 0.37393099069595337, 0.3633231222629547, 0.18995167315006256, 0.37393099069595337, 0.4733913242816925, -0.6027000546455383, -0.9428989887237549, -0.9019031524658203, -0.9121516346931458, -0.8770127892494202, -0.9092239737510681, -0.8565148115158081, -0.8565155267715454, -0.920937180519104, -0.9004389047622681, -0.8565159440040588, -0.9033672213554382, 0.03449191898107529, 0.07673574984073639, 0.019258882850408554], "std": [0.36004844307899475, 0.36004844307899475, 0.36004844307899475, 0.0070236301980912685, 0.36004844307899475, 0.0831972286105156, 0.0066169556230306625, 0.36004844307899475, 0.07405790686607361, 0.013486589305102825, 0.36004844307899475, 0.09225635230541229, 0.31758370995521545, 0.36004844307899475, 0.34726136922836304, 0.16532139480113983, 0.3581993877887726, 0.3019629418849945, 0.029171766713261604, 0.3581993877887726, 0.13206590712070465, 0.0646519735455513, 0.36004844307899475, 0.21415196359157562, 0.0605929009616375, 0.36004844307899475, 0.20334327220916748, 0.11623736470937729, 0.4227684736251831, 0.24200031161308289, 0.13211141526699066, 0.4227684736251831, 0.250905841588974, 0.252029150724411, 0.4227684736251831, 0.35588404536247253, 0.5675103664398193, 0.4094164967536926, 0.5320730209350586, 0.5054495334625244, 0.5935832858085632, 0.5133700370788574, 0.6395570039749146, 0.6396783590316772, 0.48016002774238586, 0.5369228720664978, 0.6392485499382019, 0.5292344689369202, 0.13618984818458557, 0.226143941283226, 0.06171546131372452], "count": 2049.0}