{"mean": [0.8321141004562378, 0.16788680851459503, 0.8321141004562378, 0.0036511821672320366, 0.16788680851459503, 0.09712342172861099, 0.003096064319834113, 0.16788680851459503, 0.08822992444038391, 0.007797597907483578, 0.16788680851459503, 0.08802703022956848, 0.5812991857528687, 0.16788680851459503, 0.6725508570671082, 0.09528695046901703, 0.17248189449310303, 0.29454150795936584, 0.011689066886901855, 0.17248189449310303, 0.12965954840183258, 0.055143777281045914, 0.16788680851459503, 0.24091750383377075, 0.056975819170475006, 0.16788680851459503, 0.3870946764945984, 0.10196658223867416, 0.39749786257743835, 0.3480909764766693, 0.12226476520299911, 0.39749786257743835, 0.35931962728500366, 0.17880836129188538, 0.39749786257743835, 0.46480128169059753, -0.6653860807418823, -0.9253293871879578, -0.9224011301994324, -0.9341146349906921, -0.9267933964729309, -0.903367280960083, -0.9092233180999756, -0.934114933013916, -0.9180096387863159, -0.9355778694152832, -0.8887258768081665, -0.8931180238723755, 0.03888922184705734, 0.05158965662121773, 0.01864386908710003], "std": [0.37283506989479065, 0.37283506989479065, 0.37283506989479065, 0.008162954822182655, 0.37283506989479065, 0.08314713835716248, 0.00783961359411478, 0.37283506989479065, 0.0747814029455185, 0.010572325438261032, 0.37283506989479065, 0.09241534024477005, 0.32543110847473145, 0.37283506989479065, 0.3563789129257202, 0.17030632495880127, 0.3709022104740143, 0.30864742398262024, 0.017840098589658737, 0.3709022104740143, 0.11946383863687515, 0.06556921452283859, 0.37283506989479065, 0.2129867523908615, 0.05890060216188431, 0.37283506989479065, 0.2062300741672516, 0.1105424240231514, 0.4291161596775055, 0.24011468887329102, 0.1312476247549057, 0.4291161596775055, 0.2516925632953644, 0.23833602666854858, 0.4291161596775055, 0.3539104461669922, 0.5494229197502136, 0.46679583191871643, 0.4757676422595978, 0.43917515873908997, 0.46244707703590393, 0.529094398021698, 0.513281524181366, 0.43935880064964294, 0.48870259523391724, 0.43451952934265137, 0.5653709769248962, 0.5554040670394897, 0.14785365760326385, 0.18149450421333313, 0.06323660165071487], "count": 2049.0}