{"mean": [0.9956016540527344, 0.0043999990448355675, 0.9956016540527344, 0.0042470404878258705, 0.0043999990448355675, 0.1170881912112236, 0.003500063670799136, 0.0043999990448355675, 0.11095847189426422, 0.009793074801564217, 0.0043999990448355675, 0.11712963134050369, 0.660150408744812, 0.0043999990448355675, 0.7974430322647095, 0.0872761532664299, 0.012038328684866428, 0.3002966046333313, 0.026475900784134865, 0.012038328684866428, 0.20535726845264435, 0.06820518523454666, 0.0043999990448355675, 0.3071085512638092, 0.07857592403888702, 0.0043999990448355675, 0.4755098223686218, 0.15125350654125214, 0.2635708153247833, 0.45668408274650574, 0.12871022522449493, 0.2635708153247833, 0.4164930582046509, 0.23564636707305908, 0.2635708153247833, 0.5776082277297974, -0.3687835931777954, -1.0, -1.0, -1.0, -1.0, -1.0, -0.8457995653152466, -1.0, -0.875800371170044, -0.8568997383117676, -1.0, 0.07849964499473572, 0.03136540204286575, 0.09501281380653381, 0.033880699425935745], "std": [0.06652522832155228, 0.06652537733316422, 0.06652522832155228, 0.00812374334782362, 0.06652537733316422, 0.0868174135684967, 0.00769416568800807, 0.06652537733316422, 0.06887248158454895, 0.011770791374146938, 0.06652537733316422, 0.0920850932598114, 0.20110397040843964, 0.06652537733316422, 0.20096944272518158, 0.16179917752742767, 0.06716340780258179, 0.29043763875961304, 0.05249445140361786, 0.06716340780258179, 0.1800781488418579, 0.06614650785923004, 0.06652537733316422, 0.20590350031852722, 0.05747166648507118, 0.06652537733316422, 0.13276071846485138, 0.1361205279827118, 0.33239495754241943, 0.19457592070102692, 0.12039814889431, 0.33239495754241943, 0.21598385274410248, 0.2679937779903412, 0.33239495754241943, 0.31043684482574463, 0.7072737812995911, 0.007071682717651129, 0.007071682717651129, 0.007071682717651129, 0.007071682717651129, 0.007071682717651129, 0.6618803143501282, 0.007071682717651129, 0.5973702073097229, 0.6390710473060608, 0.007071682717651129, 1.4389437437057495, 0.08182354271411896, 0.20221786201000214, 0.08333764225244522], "count": 10000.0}