{"mean": [0.9181283712387085, 0.08187136799097061, 0.9181283712387085, 0.0037678738590329885, 0.08187136799097061, 0.06932486593723297, 0.004133886657655239, 0.08187136799097061, 0.08237118273973465, 0.008274735882878304, 0.08187136799097061, 0.07841292023658752, 0.6662829518318176, 0.08187136799097061, 0.7532320618629456, 0.13472367823123932, 0.08545583486557007, 0.34886592626571655, 0.00984194129705429, 0.08545583486557007, 0.10975959897041321, 0.05649461969733238, 0.08187136799097061, 0.22732169926166534, 0.06509872525930405, 0.08187136799097061, 0.4323655068874359, 0.10985798388719559, 0.37577196955680847, 0.3045465052127838, 0.1558740735054016, 0.37577196955680847, 0.4552837908267975, 0.2552434504032135, 0.37577196955680847, 0.5430320501327515, -0.7730170488357544, -0.9502925276756287, -0.9590646624565125, -0.9385968446731567, -0.9707599878311157, -0.9444445967674255, -0.9415206909179688, -0.9122803807258606, -0.9210526943206787, -0.9152045845985413, -0.9824560880661011, -0.941520631313324, 0.030986232683062553, 0.03261072561144829, 0.012931828387081623], "std": [0.2729862928390503, 0.2729862928390503, 0.2729862928390503, 0.009751702658832073, 0.2729862928390503, 0.08354780077934265, 0.01051068864762783, 0.2729862928390503, 0.07764749974012375, 0.013717260211706161, 0.2729862928390503, 0.08465676009654999, 0.31504642963409424, 0.2729862928390503, 0.3301760256290436, 0.1978600174188614, 0.2720647156238556, 0.35465508699417114, 0.013689723797142506, 0.2720647156238556, 0.10973521322011948, 0.07048892229795456, 0.2729862928390503, 0.20456290245056152, 0.061009347438812256, 0.2729862928390503, 0.17183101177215576, 0.14386901259422302, 0.42787015438079834, 0.23733940720558167, 0.1425049751996994, 0.42787015438079834, 0.28572848439216614, 0.2991741895675659, 0.42787015438079834, 0.353108674287796, 0.4792742431163788, 0.38196617364883423, 0.34478530287742615, 0.4237889051437378, 0.2934468388557434, 0.4019787311553955, 0.4140568673610687, 0.5043375492095947, 0.47911131381988525, 0.49626341462135315, 0.22630786895751953, 0.4133395850658417, 0.13758395612239838, 0.15074583888053894, 0.05565725639462471], "count": 1026.0}