{"mean": [0.4174805283546448, 0.5825235843658447, 0.4096429944038391, 0.023164507001638412, 0.5825235843658447, 0.022641588002443314, 0.022888464853167534, 0.5825235843658447, 0.01854049414396286, 0.02697540819644928, 0.5825235843658447, 0.025617126375436783, 0.2750069499015808, 0.5825235843658447, 0.29751425981521606, 0.043708864599466324, 0.583275318145752, 0.06682904809713364, 0.029439641162753105, 0.583275318145752, 0.046782150864601135, 0.050771210342645645, 0.5825235843658447, 0.0924084261059761, 0.07106564939022064, 0.5825235843658447, 0.18473678827285767, 0.07537923753261566, 0.641381025314331, 0.13757175207138062, 0.07379591464996338, 0.641381025314331, 0.12430240958929062, 0.13092288374900818, 0.641381025314331, 0.19438670575618744, -0.4973714351654053, -0.9501098394393921, -0.4703041911125183, -0.3185395300388336, -0.8986075520515442, -0.9107813835144043, -0.9293853640556335, -0.8508930206298828, -0.5948818922042847, -0.8720670938491821, -0.9127384424209595, -0.9482773542404175, 0.017237544059753418, 0.010927123948931694, 0.0032140854746103287], "std": [0.49379634857177734, 0.49379634857177734, 0.4924847185611725, 0.10807310789823532, 0.49379634857177734, 0.06318448483943939, 0.10850490629673004, 0.49379634857177734, 0.0567844994366169, 0.11193395406007767, 0.49379634857177734, 0.06814302504062653, 0.3827918767929077, 0.49379634857177734, 0.4127274751663208, 0.13860704004764557, 0.49301040172576904, 0.19241143763065338, 0.11279578506946564, 0.49301040172576904, 0.12928883731365204, 0.1334504634141922, 0.49379634857177734, 0.165022075176239, 0.1626487821340561, 0.49379634857177734, 0.2505444586277008, 0.16767612099647522, 0.46619176864624023, 0.24872104823589325, 0.1698485165834427, 0.46619176864624023, 0.2509347200393677, 0.27638381719589233, 0.46619176864624023, 0.33698901534080505, 0.5100916028022766, 0.38450175523757935, 1.143985629081726, 1.2568477392196655, 0.542085587978363, 0.5095165371894836, 0.45500680804252625, 0.6519734859466553, 1.0253645181655884, 0.606109082698822, 0.5040567517280579, 0.39106371998786926, 0.12111420929431915, 0.0930166095495224, 0.03675336018204689], "count": 98000.0}