{"mean": [0.6349995732307434, 0.36500003933906555, 0.6331623196601868, 0.007590899709612131, 0.36500003933906555, 0.053854286670684814, 0.007748790550976992, 0.36500003933906555, 0.05088767036795616, 0.011480777524411678, 0.36500003933906555, 0.05526624619960785, 0.4152029752731323, 0.36500003933906555, 0.4765734374523163, 0.061428241431713104, 0.3672453463077545, 0.17327620089054108, 0.015002517029643059, 0.3672453463077545, 0.08495119959115982, 0.04804038256406784, 0.36500003933906555, 0.17358793318271637, 0.05566221848130226, 0.36500003933906555, 0.2886994481086731, 0.07307198643684387, 0.5005632042884827, 0.21811124682426453, 0.09145648777484894, 0.5005632042884827, 0.23854981362819672, 0.16089372336864471, 0.5005632042884827, 0.3270907700061798, -0.9745094776153564, -0.994261622428894, -0.9941344857215881, -0.9946251511573792, -0.994976818561554, -0.9929369688034058, -0.9921486377716064, -0.9937804341316223, -0.9954935312271118, -0.991547167301178, -0.9939284324645996, -0.994267463684082, 0.0030998948495835066, 0.003697124542668462, 0.0012087359791621566], "std": [0.481697678565979, 0.481697678565979, 0.482219934463501, 0.05520579591393471, 0.481697678565979, 0.08142243325710297, 0.060395244508981705, 0.481697678565979, 0.07998731732368469, 0.054392147809267044, 0.481697678565979, 0.08287721872329712, 0.38967007398605347, 0.481697678565979, 0.4327259957790375, 0.14909668266773224, 0.4800574481487274, 0.27835923433303833, 0.06621880829334259, 0.4800574481487274, 0.13491281867027283, 0.08413457125425339, 0.481697678565979, 0.20898699760437012, 0.08579924702644348, 0.481697678565979, 0.24810707569122314, 0.12775619328022003, 0.46885162591934204, 0.26648950576782227, 0.14693041145801544, 0.46885162591934204, 0.28545480966567993, 0.2809090316295624, 0.46885162591934204, 0.37571051716804504, 0.17172707617282867, 0.13167765736579895, 0.1331910938024521, 0.12747152149677277, 0.12321116030216217, 0.14573553204536438, 0.1536623239517212, 0.13734623789787292, 0.11685007065534592, 0.15977482497692108, 0.1356813758611679, 0.13165247440338135, 0.04758799821138382, 0.0537797249853611, 0.021508459001779556], "count": 41348.0}