{"mean": [0.8955589532852173, 0.10444120317697525, 0.8950707912445068, 0.004269340541213751, 0.10444120317697525, 0.10092365741729736, 0.003668388584628701, 0.10444120317697525, 0.0910443663597107, 0.009008266031742096, 0.10444120317697525, 0.09209341555833817, 0.6302691698074341, 0.10444120317697525, 0.7286322116851807, 0.10983580350875854, 0.10916457325220108, 0.32251277565956116, 0.013705998659133911, 0.10916457325220108, 0.13689793646335602, 0.05685444921255112, 0.10444120317697525, 0.25144249200820923, 0.05956556648015976, 0.10444120317697525, 0.4138477146625519, 0.1145147904753685, 0.366187185049057, 0.38149067759513855, 0.137022003531456, 0.366187185049057, 0.3900832533836365, 0.20176517963409424, 0.366187185049057, 0.50948566198349, -0.5584482550621033, -0.8799412846565247, -0.8814055323600769, -0.8931187987327576, -0.8740851283073425, -0.9150806069374084, -0.8623719215393066, -0.8550513386726379, -0.8901911377906799, -0.9077594876289368, -0.840409517288208, -0.9326503276824951, 0.043927229940891266, 0.09728344529867172, 0.025335643440485], "std": [0.30553022027015686, 0.30553022027015686, 0.3061603009700775, 0.02329697646200657, 0.30553022027015686, 0.08104158192873001, 0.023294659331440926, 0.30553022027015686, 0.07242850214242935, 0.026422513648867607, 0.30553022027015686, 0.09149705618619919, 0.29666462540626526, 0.30553022027015686, 0.31755331158638, 0.1809794008731842, 0.30408021807670593, 0.3188170790672302, 0.03054158389568329, 0.30408021807670593, 0.12117893993854523, 0.0682583823800087, 0.30553022027015686, 0.21029001474380493, 0.0634080097079277, 0.30553022027015686, 0.18368162214756012, 0.11539749056100845, 0.4156305491924286, 0.23078005015850067, 0.13455414772033691, 0.4156305491924286, 0.244087815284729, 0.24674996733665466, 0.4156305491924286, 0.34625232219696045, 0.5917817950248718, 0.585749626159668, 0.5838216543197632, 0.5550297498703003, 0.6000112295150757, 0.49601447582244873, 0.6271270513534546, 0.64242023229599, 0.5629191398620605, 0.5174112319946289, 0.6720630526542664, 0.4437684118747711, 0.14672420918941498, 0.25351473689079285, 0.0691971629858017], "count": 2049.0}