{"mean": [0.9438560009002686, 0.05614600330591202, 0.9436863660812378, 0.008788477629423141, 0.05614600330591202, 0.08688453584909439, 0.008044363930821419, 0.05614600330591202, 0.0790572315454483, 0.015711164101958275, 0.05614600330591202, 0.08860046416521072, 0.6730157732963562, 0.05614600330591202, 0.7838213443756104, 0.07352596521377563, 0.059367258101701736, 0.23741644620895386, 0.030141208320856094, 0.059367258101701736, 0.16556303203105927, 0.06440030038356781, 0.05614600330591202, 0.23726095259189606, 0.0964905247092247, 0.05614600330591202, 0.4513062834739685, 0.14201341569423676, 0.2559581696987152, 0.39290711283683777, 0.1380474865436554, 0.2559581696987152, 0.38569867610931396, 0.2631349563598633, 0.2559581696987152, 0.5388783812522888, -0.835024356842041, -0.8066507577896118, -0.9612531661987305, -0.9808072447776794, -0.9799875020980835, -0.9861063361167908, -0.9773023724555969, -0.9650482535362244, -0.9696921110153198, -0.9854825735092163, -0.9849289059638977, -0.9879801273345947, 0.03683760017156601, 0.011170970275998116, 0.017963245511054993], "std": [0.23062291741371155, 0.23062343895435333, 0.2309441864490509, 0.031093845143914223, 0.23062343895435333, 0.08227305859327316, 0.03255850076675415, 0.23062343895435333, 0.07681363821029663, 0.044744979590177536, 0.23062343895435333, 0.09466748684644699, 0.26965388655662537, 0.23062343895435333, 0.2739766240119934, 0.14853975176811218, 0.22999683022499084, 0.2791918218135834, 0.06445946544408798, 0.22999683022499084, 0.19743826985359192, 0.07695670425891876, 0.23062343895435333, 0.2037867307662964, 0.10028358548879623, 0.23062343895435333, 0.1795363575220108, 0.1490342766046524, 0.35817664861679077, 0.25953808426856995, 0.14624319970607758, 0.35817664861679077, 0.25171759724617004, 0.314104825258255, 0.35817664861679077, 0.34017282724380493, 0.4254307448863983, 0.7366895079612732, 0.3391132354736328, 0.239596888422966, 0.24454526603221893, 0.20411598682403564, 0.26031115651130676, 0.322264164686203, 0.3004085123538971, 0.20858347415924072, 0.21253325045108795, 0.18997225165367126, 0.13613738119602203, 0.08695470541715622, 0.07048924267292023], "count": 48000.0}