{"mean": [0.44154149293899536, 0.5584554076194763, 0.43744826316833496, 0.023916350677609444, 0.5584554076194763, 0.022389279678463936, 0.023999415338039398, 0.5584554076194763, 0.01994810439646244, 0.028044939041137695, 0.5584554076194763, 0.025902599096298218, 0.28332236409187317, 0.5584554076194763, 0.31251463294029236, 0.03982367366552353, 0.559224009513855, 0.05792704597115517, 0.03348518908023834, 0.559224009513855, 0.05868281424045563, 0.05661621689796448, 0.5584554076194763, 0.09848009049892426, 0.07710927724838257, 0.5584554076194763, 0.19584102928638458, 0.08920975029468536, 0.6066080927848816, 0.15233822166919708, 0.06576769053936005, 0.6066080927848816, 0.11593925207853317, 0.13463576138019562, 0.6066080927848816, 0.20211195945739746, -0.4931439459323883, -0.8688308596611023, -0.12159174680709839, -0.8683686852455139, -0.8369420766830444, -0.40590450167655945, -0.9397055506706238, -0.660420298576355, -0.8370055556297302, -0.9365801215171814, -0.8440190553665161, -0.8997557759284973, 0.020403573289513588, 0.01726658083498478, 0.004111438058316708], "std": [0.497254878282547, 0.49725162982940674, 0.49675899744033813, 0.09570124000310898, 0.49725162982940674, 0.06371016800403595, 0.09740616381168365, 0.49725162982940674, 0.06011544540524483, 0.10217844694852829, 0.49725162982940674, 0.06990893930196762, 0.3812525272369385, 0.49725162982940674, 0.4168377220630646, 0.12192870676517487, 0.4964284896850586, 0.17389991879463196, 0.10433328151702881, 0.4964284896850586, 0.15253791213035583, 0.137066051363945, 0.49725162982940674, 0.16992607712745667, 0.15874184668064117, 0.49725162982940674, 0.2562271058559418, 0.17758353054523468, 0.47554126381874084, 0.2603094279766083, 0.1485040783882141, 0.47554126381874084, 0.24273186922073364, 0.27160724997520447, 0.47554126381874084, 0.3384433388710022, 0.5147730112075806, 0.6134047508239746, 1.365103006362915, 0.6143895387649536, 0.6800874471664429, 1.195475697517395, 0.42151200771331787, 0.9505013227462769, 0.6800093650817871, 0.43183693289756775, 0.6660026907920837, 0.5390766263008118, 0.13050638139247894, 0.11692838370800018, 0.03927920386195183], "count": 96000.0}