{"mean": [0.8187132477760315, 0.1812864989042282, 0.8187132477760315, 0.0034302815329283476, 0.1812864989042282, 0.09013175219297409, 0.0030885953456163406, 0.1812864989042282, 0.08638344705104828, 0.007333104033023119, 0.1812864989042282, 0.07783564925193787, 0.5698263049125671, 0.1812864989042282, 0.6631887555122375, 0.07459741830825806, 0.185006245970726, 0.24718065559864044, 0.010183819569647312, 0.185006245970726, 0.12013626098632812, 0.051869992166757584, 0.1812864989042282, 0.21589075028896332, 0.055641476064920425, 0.1812864989042282, 0.3635302186012268, 0.1054365485906601, 0.3609340190887451, 0.33671706914901733, 0.12615932524204254, 0.3609340190887451, 0.3621041476726532, 0.2093971222639084, 0.3609340190887451, 0.4651617407798767, -0.6626995205879211, -0.9064328670501709, -0.9005847573280334, -0.9590644240379333, -0.8888887763023376, -0.9473685622215271, -0.8830409646034241, -0.9181286692619324, -0.9064326882362366, -0.9298245906829834, -0.9122803211212158, -0.9181287288665771, 0.042453501373529434, 0.0574551559984684, 0.019848329946398735], "std": [0.3831666111946106, 0.38316652178764343, 0.3831666111946106, 0.00479727890342474, 0.38316652178764343, 0.08107854425907135, 0.004266723990440369, 0.38316652178764343, 0.07284606993198395, 0.010131360962986946, 0.38316652178764343, 0.08979886770248413, 0.3327021300792694, 0.38316652178764343, 0.3679597079753876, 0.15449923276901245, 0.3815222382545471, 0.28786587715148926, 0.019202951341867447, 0.3815222382545471, 0.1180664524435997, 0.06562652438879013, 0.38316652178764343, 0.21334104239940643, 0.05624401196837425, 0.38316652178764343, 0.20934012532234192, 0.12182285636663437, 0.42974138259887695, 0.25795766711235046, 0.1371004283428192, 0.42974138259887695, 0.26974430680274963, 0.278252512216568, 0.42974138259887695, 0.37237221002578735, 0.543281614780426, 0.5204734206199646, 0.5349148511886597, 0.3475886285305023, 0.565231204032898, 0.3930470645427704, 0.5772786736488342, 0.4876706302165985, 0.5201040506362915, 0.4509859085083008, 0.5023654103279114, 0.48799657821655273, 0.15580534934997559, 0.190836101770401, 0.06785836815834045], "count": 513.0}