{"mean": [0.8843338489532471, 0.11566627770662308, 0.8843338489532471, 0.003977077081799507, 0.11566627770662308, 0.10425639152526855, 0.003497153054922819, 0.11566627770662308, 0.09759081900119781, 0.008303276263177395, 0.11566627770662308, 0.09308862686157227, 0.6272512078285217, 0.11566627770662308, 0.7286421656608582, 0.10386445373296738, 0.12088841199874878, 0.3190348148345947, 0.012448963709175587, 0.12088841199874878, 0.13861827552318573, 0.05738947167992592, 0.11566627770662308, 0.24721728265285492, 0.05956810712814331, 0.11566627770662308, 0.4068478047847748, 0.11173732578754425, 0.3672860264778137, 0.3762025535106659, 0.13777141273021698, 0.3672860264778137, 0.3970693051815033, 0.19816039502620697, 0.3672860264778137, 0.5079231858253479, -0.5752629041671753, -0.8638358116149902, -0.9253292083740234, -0.8579792380332947, -0.9019027948379517, -0.9019038677215576, -0.8814059495925903, -0.8901901841163635, -0.890191376209259, -0.9209370017051697, -0.8286970257759094, -0.8843328356742859, 0.042107321321964264, 0.07342034578323364, 0.027425268664956093], "std": [0.31899699568748474, 0.31899699568748474, 0.31899699568748474, 0.016423001885414124, 0.31899699568748474, 0.08222289383411407, 0.016262724995613098, 0.31899699568748474, 0.0729089230298996, 0.018222134560346603, 0.31899699568748474, 0.09324614703655243, 0.2974032163619995, 0.31899699568748474, 0.31994616985321045, 0.17605586349964142, 0.31728848814964294, 0.3106425106525421, 0.022111130878329277, 0.31728848814964294, 0.11594175547361374, 0.06680143624544144, 0.31899699568748474, 0.21273264288902283, 0.05990466848015785, 0.31899699568748474, 0.18914785981178284, 0.11101032793521881, 0.4144035875797272, 0.23204724490642548, 0.1327095478773117, 0.4144035875797272, 0.23972763121128082, 0.242006316781044, 0.4144035875797272, 0.3458819091320038, 0.5948448181152344, 0.6231977939605713, 0.46690279245376587, 0.6358411312103271, 0.532280445098877, 0.5329336524009705, 0.5841028094291687, 0.5624409317970276, 0.5627318024635315, 0.4801580309867859, 0.6947007179260254, 0.5771885514259338, 0.14197836816310883, 0.21726469695568085, 0.07652710378170013], "count": 2049.0}