{"mean": [0.7563237547874451, 0.24367612600326538, 0.7563237547874451, 0.00551229203119874, 0.24367612600326538, 0.0941963642835617, 0.011138077825307846, 0.24367612600326538, 0.0996721088886261, 0.00921498890966177, 0.24367612600326538, 0.07848301529884338, 0.5272574424743652, 0.24367612600326538, 0.6190503835678101, 0.06760260462760925, 0.24852995574474335, 0.23337776958942413, 0.01986955665051937, 0.24852995574474335, 0.14034442603588104, 0.0497569777071476, 0.24367612600326538, 0.19905121624469757, 0.0704147145152092, 0.24367612600326538, 0.34950724244117737, 0.10700726509094238, 0.4388076364994049, 0.34134313464164734, 0.120163694024086, 0.4388076364994049, 0.3426741063594818, 0.18148021399974823, 0.4388076364994049, 0.4446846842765808, -0.8633979558944702, -0.8962901830673218, -0.9873524308204651, -0.997470498085022, -1.0, -1.0, -1.0, -1.0, -1.0, -1.0, -1.0, -1.0, 0.013283627107739449, 0.06049420312047005, 0.0034339139237999916], "std": [0.42819827795028687, 0.42819806933403015, 0.42819827795028687, 0.02163473516702652, 0.42819806933403015, 0.08563601225614548, 0.06314225494861603, 0.42819806933403015, 0.10298579186201096, 0.02306775003671646, 0.42819806933403015, 0.09408605843782425, 0.3435341715812683, 0.42819806933403015, 0.3915717899799347, 0.14547693729400635, 0.4255548417568207, 0.277195006608963, 0.06654423475265503, 0.4255548417568207, 0.146341472864151, 0.06522823125123978, 0.42819806933403015, 0.21723021566867828, 0.13148553669452667, 0.42819806933403015, 0.23797301948070526, 0.12130304425954819, 0.4408276677131653, 0.26264920830726624, 0.13539698719978333, 0.4408276677131653, 0.2679446339607239, 0.238892063498497, 0.4408276677131653, 0.37431785464286804, 0.35374441742897034, 0.546789824962616, 0.19123201072216034, 0.08707031607627869, 0.0024361740797758102, 0.0024361740797758102, 0.0024361740797758102, 0.0024361740797758102, 0.0024361740797758102, 0.0024361740797758102, 0.0024361740797758102, 0.0024361740797758102, 0.09300685673952103, 0.23575231432914734, 0.031586699187755585], "count": 1186.0}