{"mean": [0.9879999160766602, 0.012000000104308128, 0.9879999160766602, 0.0041588712483644485, 0.012000000104308128, 0.10372602194547653, 0.003499891608953476, 0.012000000104308128, 0.09687765687704086, 0.010220026597380638, 0.012000000104308128, 0.11662501096725464, 0.6422121524810791, 0.012000000104308128, 0.7747673392295837, 0.09662512689828873, 0.01897716149687767, 0.2999671697616577, 0.03324873745441437, 0.01897716149687767, 0.21220986545085907, 0.06735989451408386, 0.012000000104308128, 0.3170047998428345, 0.0771675705909729, 0.012000000104308128, 0.486773818731308, 0.14797183871269226, 0.2970291078090668, 0.45029038190841675, 0.11704982072114944, 0.2970291078090668, 0.38448891043663025, 0.216894268989563, 0.2970291078090668, 0.5582859516143799, -0.45191773772239685, -1.0, -1.0, -1.0, -1.0, -1.0, -1.0, -1.0, -1.0, -1.0, -1.0, 0.1939999908208847, 0.027158377692103386, 0.0875369980931282, 0.03688091039657593], "std": [0.10856002569198608, 0.1085599735379219, 0.10856002569198608, 0.004259818233549595, 0.1085599735379219, 0.08731214702129364, 0.003404004033654928, 0.1085599735379219, 0.07001011818647385, 0.010091116651892662, 0.1085599735379219, 0.08673278242349625, 0.2213687300682068, 0.1085599735379219, 0.22808955609798431, 0.16851264238357544, 0.10846830904483795, 0.3067047595977783, 0.06172970309853554, 0.10846830904483795, 0.20545518398284912, 0.06554833799600601, 0.1085599735379219, 0.19698479771614075, 0.0565522126853466, 0.1085599735379219, 0.1337544322013855, 0.13327434659004211, 0.3479973077774048, 0.2078307867050171, 0.11578007787466049, 0.3479973077774048, 0.21892155706882477, 0.24637256562709808, 0.3479973077774048, 0.313152939081192, 0.6853833198547363, 0.0015827169409021735, 0.0015827169409021735, 0.0015827169409021735, 0.0015827169409021735, 0.0015827169409021735, 0.0015827169409021735, 0.0015827169409021735, 0.0015827169409021735, 0.0015827169409021735, 0.0015827169409021735, 1.4598308801651, 0.06338147819042206, 0.18946337699890137, 0.09363515675067902], "count": 500.0}