{"mean": [0.8467543125152588, 0.15324532985687256, 0.8462666273117065, 0.004728307016193867, 0.15324532985687256, 0.09537014365196228, 0.0037230735179036856, 0.15324532985687256, 0.08578906953334808, 0.00818412471562624, 0.15324532985687256, 0.08479288965463638, 0.6059436202049255, 0.15324532985687256, 0.6977535486221313, 0.10941490530967712, 0.15784931182861328, 0.31735047698020935, 0.013427095487713814, 0.15784931182861328, 0.1299968957901001, 0.05368659272789955, 0.15324532985687256, 0.232321098446846, 0.05746132507920265, 0.15324532985687256, 0.3934965133666992, 0.1066536158323288, 0.4101952612400055, 0.3584116995334625, 0.13381628692150116, 0.4101952612400055, 0.37510329484939575, 0.19601263105869293, 0.4101952612400055, 0.4916245639324188, -0.6080546975135803, -0.9048318862915039, -0.9092245101928711, -0.8960485458374023, -0.9106881022453308, -0.8550518155097961, -0.878477931022644, -0.8887261748313904, -0.8857972025871277, -0.9399711489677429, -0.8579791784286499, -0.9048315286636353, 0.03640960901975632, 0.07612866908311844, 0.021167898550629616], "std": [0.35943323373794556, 0.35943323373794556, 0.35990390181541443, 0.033077679574489594, 0.35943323373794556, 0.08585506677627563, 0.024637870490550995, 0.35943323373794556, 0.07502760738134384, 0.025558773428201675, 0.35943323373794556, 0.09094171971082687, 0.32491472363471985, 0.35943323373794556, 0.3510947525501251, 0.1816190779209137, 0.3576033115386963, 0.32159027457237244, 0.031269121915102005, 0.3576033115386963, 0.12379011511802673, 0.0698084756731987, 0.35943323373794556, 0.21009397506713867, 0.06238151714205742, 0.35943323373794556, 0.20306211709976196, 0.11174536496400833, 0.4292469918727875, 0.24293896555900574, 0.13767123222351074, 0.4292469918727875, 0.2540951073169708, 0.2502292990684509, 0.4292469918727875, 0.3538796007633209, 0.5654990077018738, 0.5238448977470398, 0.5128912329673767, 0.547961950302124, 0.5089769959449768, 0.6413844227790833, 0.5910156965255737, 0.5660486221313477, 0.5734481811523438, 0.41968780755996704, 0.6361279487609863, 0.5251080393791199, 0.13344556093215942, 0.22647801041603088, 0.06826139986515045], "count": 2049.0}