{"mean": [0.851634681224823, 0.14836494624614716, 0.851634681224823, 0.0032847088295966387, 0.14836494624614716, 0.09267041832208633, 0.002929308684542775, 0.14836494624614716, 0.0854286327958107, 0.007643513847142458, 0.14836494624614716, 0.08485855907201767, 0.598603367805481, 0.14836494624614716, 0.6926634907722473, 0.1017342135310173, 0.15255293250083923, 0.29978594183921814, 0.01253972016274929, 0.15255293250083923, 0.1285533756017685, 0.052559662610292435, 0.14836494624614716, 0.23429912328720093, 0.0549708716571331, 0.14836494624614716, 0.38982677459716797, 0.11092393100261688, 0.3904787003993988, 0.3624902069568634, 0.13155336678028107, 0.3904787003993988, 0.3749436140060425, 0.2034149169921875, 0.3904787003993988, 0.49204379320144653, -0.6489174962043762, -0.9121527075767517, -0.9019030332565308, -0.9267942905426025, -0.9385068416595459, -0.896047055721283, -0.8901901245117188, -0.9238656163215637, -0.8843348026275635, -0.9048305153846741, -0.9150803685188293, -0.9399711489677429, 0.04320206120610237, 0.055462829768657684, 0.020152004435658455], "std": [0.35455095767974854, 0.35455095767974854, 0.35455095767974854, 0.005825360305607319, 0.35455095767974854, 0.0813862532377243, 0.006758838426321745, 0.35455095767974854, 0.07306286692619324, 0.011516419239342213, 0.35455095767974854, 0.09001977741718292, 0.3210207521915436, 0.35455095767974854, 0.34934407472610474, 0.17628158628940582, 0.35293346643447876, 0.3183366060256958, 0.02357001230120659, 0.35293346643447876, 0.12465984374284744, 0.06432168185710907, 0.35455095767974854, 0.2127513736486435, 0.05676139518618584, 0.35455095767974854, 0.20058046281337738, 0.1189151480793953, 0.4288874864578247, 0.24564668536186218, 0.13514012098312378, 0.4288874864578247, 0.2588285803794861, 0.2576073408126831, 0.4288874864578247, 0.3592720329761505, 0.5578468441963196, 0.5049154758453369, 0.5324103236198425, 0.4624631106853485, 0.4247705638408661, 0.5481089353561401, 0.562637448310852, 0.4714787006378174, 0.5766171813011169, 0.5251480937004089, 0.4968845844268799, 0.419813334941864, 0.15208913385868073, 0.1924455314874649, 0.06517335027456284], "count": 2049.0}