{"mean": [0.9418938755989075, 0.05810551345348358, 0.9414061307907104, 0.0082579730078578, 0.05810551345348358, 0.0933569148182869, 0.007682473864406347, 0.05810551345348358, 0.08567285537719727, 0.012791039422154427, 0.05810551345348358, 0.08809163421392441, 0.6319018006324768, 0.05810551345348358, 0.7317907810211182, 0.11443235725164413, 0.05810551345348358, 0.3175891935825348, 0.018696783110499382, 0.05810551345348358, 0.13479997217655182, 0.0649343952536583, 0.05810551345348358, 0.2553933262825012, 0.08168545365333557, 0.05810551345348358, 0.44100791215896606, 0.08193515986204147, 0.05810551345348358, 0.266950786113739, 0.08186398446559906, 0.05810551345348358, 0.24881389737129211, 0.16670508682727814, 0.05810551345348358, 0.33728232979774475, -0.35936400294303894, -0.7626947164535522, -0.6704097390174866, -0.7143555283546448, -0.8212893009185791, -0.837402880191803, -0.7626955509185791, -0.7641599774360657, -0.8403327465057373, -0.7275386452674866, -0.7304686903953552, -0.8374028205871582, 0.12249704450368881, 0.13482435047626495, 0.04719278961420059], "std": [0.23367401957511902, 0.23367437720298767, 0.23459435999393463, 0.03202148154377937, 0.23367437720298767, 0.08672156184911728, 0.03816975653171539, 0.23367437720298767, 0.08601135015487671, 0.03415694460272789, 0.23367437720298767, 0.09509899467229843, 0.30373457074165344, 0.23367437720298767, 0.3135659992694855, 0.18648788332939148, 0.23367437720298767, 0.32531094551086426, 0.049886275082826614, 0.23367437720298767, 0.13636872172355652, 0.07712709158658981, 0.23367437720298767, 0.21428975462913513, 0.103716179728508, 0.23367437720298767, 0.17952458560466766, 0.12570902705192566, 0.23367437720298767, 0.2607160210609436, 0.12689432501792908, 0.23367437720298767, 0.25880274176597595, 0.28729814291000366, 0.23367437720298767, 0.3542899489402771, 0.607318103313446, 0.8086928725242615, 0.9367939233779907, 0.8796879053115845, 0.7095909714698792, 0.677976131439209, 0.8089122176170349, 0.8061740398406982, 0.6730170845985413, 0.8613424897193909, 0.8565826416015625, 0.6783441305160522, 0.27253052592277527, 0.3019656836986542, 0.10815145075321198], "count": 2048.0}