{"mean": [0.9530251026153564, 0.04697916656732559, 0.9528816342353821, 0.007345300167798996, 0.04697916656732559, 0.08030255138874054, 0.007557940669357777, 0.04697916656732559, 0.07951341569423676, 0.013676279224455357, 0.04697916656732559, 0.08554334938526154, 0.6457911133766174, 0.04697916656732559, 0.7643135786056519, 0.07423502951860428, 0.050240255892276764, 0.23090791702270508, 0.03241277486085892, 0.050240255892276764, 0.17832772433757782, 0.0648917704820633, 0.04697916656732559, 0.2500695586204529, 0.09258002787828445, 0.04697916656732559, 0.45481911301612854, 0.15317402780056, 0.2458980828523636, 0.3971412479877472, 0.12365777790546417, 0.2458980828523636, 0.37077847123146057, 0.2664537727832794, 0.2458980828523636, 0.5438611507415771, -0.9030517339706421, -0.8979926109313965, -0.9796746969223022, -0.9890469312667847, -0.9900815486907959, -0.986622154712677, -0.9882311224937439, -0.981691837310791, -0.9863669276237488, -0.9886677265167236, -0.9879215359687805, -0.9872057437896729, 0.02397683449089527, 0.006590377073734999, 0.010088492184877396], "std": [0.21209193766117096, 0.21209242939949036, 0.21239762008190155, 0.02886596880853176, 0.21209242939949036, 0.08506709337234497, 0.03277163952589035, 0.21209242939949036, 0.0778127983212471, 0.03703737258911133, 0.21209242939949036, 0.08976642042398453, 0.27873364090919495, 0.21209242939949036, 0.2869197726249695, 0.15235735476016998, 0.21153989434242249, 0.2878795862197876, 0.06776893883943558, 0.21153989434242249, 0.20309801399707794, 0.07629864662885666, 0.21209242939949036, 0.20662005245685577, 0.08575603365898132, 0.21209242939949036, 0.17257437109947205, 0.16387906670570374, 0.3579813539981842, 0.2606378495693207, 0.13645035028457642, 0.3579813539981842, 0.27284935116767883, 0.31603115797042847, 0.3579813539981842, 0.34444865584373474, 0.33552971482276917, 0.5437284708023071, 0.24640144407749176, 0.18147152662277222, 0.173054039478302, 0.20044362545013428, 0.18800555169582367, 0.23409639298915863, 0.2022951990365982, 0.18450766801834106, 0.1904621124267578, 0.1962239295244217, 0.1190480962395668, 0.06668923050165176, 0.0543842613697052], "count": 48000.0}