{"mean": [0.9689509272575378, 0.031049616634845734, 0.9682742357254028, 0.00863774586468935, 0.031049616634845734, 0.09777197241783142, 0.008234253153204918, 0.031049616634845734, 0.09230466932058334, 0.01349929254502058, 0.031049616634845734, 0.09370997548103333, 0.6517413854598999, 0.031049616634845734, 0.7605929374694824, 0.10692711174488068, 0.031049616634845734, 0.30979984998703003, 0.024372808635234833, 0.031049616634845734, 0.156572625041008, 0.06725448369979858, 0.031049616634845734, 0.26666003465652466, 0.09074258804321289, 0.031049616634845734, 0.45887547731399536, 0.08843950927257538, 0.031049616634845734, 0.28724467754364014, 0.08982110023498535, 0.031049616634845734, 0.2676905393600464, 0.18124379217624664, 0.031049616634845734, 0.36189958453178406, -0.38056400418281555, -0.7696583271026611, -0.8359771966934204, -0.7802892327308655, -0.8704015016555786, -0.7818096876144409, -0.7757349610328674, -0.7316906452178955, -0.7757338285446167, -0.8137023448944092, -0.7605473399162292, -0.7757338881492615, 0.08589157462120056, 0.14397500455379486, 0.04038633778691292], "std": [0.1734732836484909, 0.1734732836484909, 0.17528928816318512, 0.03700856491923332, 0.1734732836484909, 0.08994807302951813, 0.042177941650152206, 0.1734732836484909, 0.08711303770542145, 0.03772681951522827, 0.1734732836484909, 0.09643740206956863, 0.2766209542751312, 0.1734732836484909, 0.2773739695549011, 0.18069197237491608, 0.1734732836484909, 0.31715279817581177, 0.06644447147846222, 0.1734732836484909, 0.15899157524108887, 0.07767251133918762, 0.1734732836484909, 0.21191799640655518, 0.1097063347697258, 0.1734732836484909, 0.16707593202590942, 0.13595496118068695, 0.1734732836484909, 0.2583133578300476, 0.1361011564731598, 0.1734732836484909, 0.2556264102458954, 0.3020951747894287, 0.1734732836484909, 0.35308367013931274, 0.623195469379425, 0.7984346747398376, 0.6817559599876404, 0.7812439203262329, 0.6096950173377991, 0.7787021994590759, 0.7886075973510742, 0.8557092547416687, 0.7887117862701416, 0.7236437797546387, 0.812505304813385, 0.7886962890625, 0.2192862331867218, 0.30879107117652893, 0.09118950366973877], "count": 5926.0}