{"mean": [0.8638353943824768, 0.1361638605594635, 0.8638353943824768, 0.004047534428536892, 0.1361638605594635, 0.10196426510810852, 0.0038239622954279184, 0.1361638605594635, 0.0944279134273529, 0.008725389838218689, 0.1361638605594635, 0.09280068427324295, 0.5964258313179016, 0.1361638605594635, 0.6947523951530457, 0.09249720722436905, 0.141566663980484, 0.2950766384601593, 0.013705277815461159, 0.141566663980484, 0.14164318144321442, 0.05910726636648178, 0.1361638605594635, 0.2503874599933624, 0.063151054084301, 0.1361638605594635, 0.40435129404067993, 0.1035538911819458, 0.3672958016395569, 0.3554469347000122, 0.12410849332809448, 0.3672958016395569, 0.36458104848861694, 0.18189679086208344, 0.3672958016395569, 0.4730912446975708, -0.6712626218795776, -0.9224014282226562, -0.9106879830360413, -0.9385061860084534, -0.9414346218109131, -0.9106886386871338, -0.9428988099098206, -0.9077599048614502, -0.9399709105491638, -0.9136172533035278, -0.890190064907074, -0.9121519923210144, 0.040076758712530136, 0.04572613537311554, 0.02127842605113983], "std": [0.3423842787742615, 0.3423842787742615, 0.3423842787742615, 0.00976833887398243, 0.3423842787742615, 0.08535915613174438, 0.02286273054778576, 0.3423842787742615, 0.0783839076757431, 0.01479273196309805, 0.3423842787742615, 0.09430666267871857, 0.3130418062210083, 0.3423842787742615, 0.3401690721511841, 0.16810046136379242, 0.3404013514518738, 0.30357927083969116, 0.03240859508514404, 0.3404013514518738, 0.12833325564861298, 0.06615298986434937, 0.3423842787742615, 0.21473903954029083, 0.06182650849223137, 0.3423842787742615, 0.1969601958990097, 0.11235778033733368, 0.4159223735332489, 0.23601670563220978, 0.13163277506828308, 0.4159223735332489, 0.24836212396621704, 0.24149534106254578, 0.4159223735332489, 0.3486393988132477, 0.5498005747795105, 0.47540169954299927, 0.5088756084442139, 0.4247303903102875, 0.4145813286304474, 0.5093752145767212, 0.40959927439689636, 0.5175305008888245, 0.41977253556251526, 0.5012352466583252, 0.562369704246521, 0.5054395794868469, 0.14648322761058807, 0.17013846337795258, 0.06598915904760361], "count": 2049.0}