{"mean": [0.9174215197563171, 0.0825798511505127, 0.9173834323883057, 0.003780320519581437, 0.0825798511505127, 0.11335638165473938, 0.003207180881872773, 0.0825798511505127, 0.10445719957351685, 0.008166586980223656, 0.0825798511505127, 0.09961698949337006, 0.6482358574867249, 0.0825798511505127, 0.7545466423034668, 0.10403810441493988, 0.08837408572435379, 0.3301250636577606, 0.012587811797857285, 0.08837408572435379, 0.14905866980552673, 0.0600663498044014, 0.0825798511505127, 0.2623961269855499, 0.06197954714298248, 0.0825798511505127, 0.42405277490615845, 0.11608734726905823, 0.3391861915588379, 0.39654192328453064, 0.13984709978103638, 0.3391861915588379, 0.40908777713775635, 0.19910460710525513, 0.3391861915588379, 0.5240368843078613, -0.7134089469909668, -0.9520283341407776, -0.9358804821968079, -0.9288321137428284, -0.9374810457229614, -0.939005434513092, -0.9270410537719727, -0.9283113479614258, -0.94100022315979, -0.9334490895271301, -0.9336563348770142, -0.946509838104248, 0.027919786050915718, 0.052391331642866135, 0.020093455910682678], "std": [0.2755565643310547, 0.2755546569824219, 0.27561458945274353, 0.017953991889953613, 0.2755546569824219, 0.08256296068429947, 0.018521910533308983, 0.2755546569824219, 0.07323220372200012, 0.019420864060521126, 0.2755546569824219, 0.09548274427652359, 0.2714279294013977, 0.2755546569824219, 0.28782176971435547, 0.1762232780456543, 0.27402463555336, 0.30517956614494324, 0.02383689396083355, 0.27402463555336, 0.1168481782078743, 0.06730616837739944, 0.2755546569824219, 0.21257662773132324, 0.06020252779126167, 0.2755546569824219, 0.17458060383796692, 0.11156312376260757, 0.40072447061538696, 0.21879829466342926, 0.13201497495174408, 0.40072447061538696, 0.22837866842746735, 0.23711596429347992, 0.40072447061538696, 0.3357727527618408, 0.5269076228141785, 0.37672895193099976, 0.4343305230140686, 0.4567975699901581, 0.4288744628429413, 0.4239581823348999, 0.4624606966972351, 0.4585680067539215, 0.41691863536834717, 0.4422299861907959, 0.441694051027298, 0.3973618447780609, 0.10839751362800598, 0.1917947381734848, 0.06740990281105042], "count": 50000.0}