{"mean": [0.9593111276626587, 0.040687426924705505, 0.9592694640159607, 0.006771198473870754, 0.040687426924705505, 0.09525710344314575, 0.005326076876372099, 0.040687426924705505, 0.07909021526575089, 0.011509080417454243, 0.040687426924705505, 0.08786457031965256, 0.7137322425842285, 0.040687426924705505, 0.8103874325752258, 0.10190114378929138, 0.04408012330532074, 0.3012062907218933, 0.015345986932516098, 0.04408012330532074, 0.1255749613046646, 0.06329812109470367, 0.040687426924705505, 0.23706777393817902, 0.08153483271598816, 0.040687426924705505, 0.4469052255153656, 0.12304730713367462, 0.28112906217575073, 0.3769315481185913, 0.15149202942848206, 0.28112906217575073, 0.41687238216400146, 0.25264203548431396, 0.28112906217575073, 0.5452778935432434, -0.7082679271697998, -0.49337834119796753, -0.9651826024055481, -0.9748672246932983, -0.9854825735092163, -0.9778066873550415, -0.9853602051734924, -0.9258013963699341, -0.9778708219528198, -0.9870129823684692, -0.982667863368988, -0.9793667197227478, 0.09509263187646866, 0.009681696072220802, 0.04724913462996483], "std": [0.19810543954372406, 0.19810543954372406, 0.19819961488246918, 0.023061880841851234, 0.19810543954372406, 0.07776337116956711, 0.025456828996539116, 0.19810543954372406, 0.07342448085546494, 0.02798367291688919, 0.19810543954372406, 0.09387630224227905, 0.26073017716407776, 0.19810543954372406, 0.2583010792732239, 0.17294616997241974, 0.19759686291217804, 0.30951961874961853, 0.035253655165433884, 0.19759686291217804, 0.1284184753894806, 0.07259153574705124, 0.19810543954372406, 0.20601341128349304, 0.08018697053194046, 0.19810543954372406, 0.16018229722976685, 0.13030052185058594, 0.38062217831611633, 0.23759329319000244, 0.1462632119655609, 0.38062217831611633, 0.24470096826553345, 0.3090553283691406, 0.38062217831611633, 0.332703173160553, 0.5279195308685303, 1.1239017248153687, 0.3217393457889557, 0.27380624413490295, 0.20856381952762604, 0.25743842124938965, 0.20947635173797607, 0.4660053551197052, 0.25708264112472534, 0.19765380024909973, 0.22771115601062775, 0.2483014464378357, 0.22349099814891815, 0.07890096306800842, 0.118037648499012], "count": 48000.0}