{"mean": [0.9979999661445618, 0.0020000010263174772, 0.9979999661445618, 0.003982935566455126, 0.0020000010263174772, 0.11539263278245926, 0.0032816939055919647, 0.0020000010263174772, 0.10760669410228729, 0.008867394179105759, 0.0020000010263174772, 0.11169980466365814, 0.6854378581047058, 0.0020000010263174772, 0.8199821710586548, 0.10542646795511246, 0.009252863004803658, 0.33172211050987244, 0.028082318603992462, 0.009252863004803658, 0.20641674101352692, 0.062307897955179214, 0.0020000010263174772, 0.2944195568561554, 0.07402897626161575, 0.0020000010263174772, 0.47763681411743164, 0.1543208360671997, 0.2981848418712616, 0.47171449661254883, 0.13761205971240997, 0.2981848418712616, 0.4261309802532196, 0.23509348928928375, 0.2981848418712616, 0.598412811756134, -0.3584541380405426, -1.0, -1.0, -1.0, -1.0, -1.0, -1.0, -1.0, -1.0, -1.0, -1.0, 0.3919999301433563, 0.02803340181708336, 0.10577235370874405, 0.037187568843364716], "std": [0.044602636247873306, 0.044602636247873306, 0.044602636247873306, 0.004322019871324301, 0.044602636247873306, 0.08386748284101486, 0.0034413563553243876, 0.044602636247873306, 0.0671219751238823, 0.009171373210847378, 0.044602636247873306, 0.09087912738323212, 0.1942286342382431, 0.044602636247873306, 0.18250970542430878, 0.17413677275180817, 0.045912064611911774, 0.30462512373924255, 0.053712036460638046, 0.045912064611911774, 0.18187810480594635, 0.0649101510643959, 0.044602636247873306, 0.20110328495502472, 0.05740148946642876, 0.044602636247873306, 0.13042594492435455, 0.1274958699941635, 0.3493841290473938, 0.18887066841125488, 0.1212543323636055, 0.3493841290473938, 0.2095618098974228, 0.2459070235490799, 0.3493841290473938, 0.2995377779006958, 0.7030565142631531, 0.0015827169409021735, 0.0015827169409021735, 0.0015827169409021735, 0.0015827169409021735, 0.0015827169409021735, 0.0015827169409021735, 0.0015827169409021735, 0.0015827169409021735, 0.0015827169409021735, 0.0015827169409021735, 1.4870952367782593, 0.06322211027145386, 0.19775903224945068, 0.09254156798124313], "count": 500.0}