{"mean": [0.9479123950004578, 0.05206265300512314, 0.9420748949050903, 0.032035477459430695, 0.05206265300512314, 0.040347300469875336, 0.03132476657629013, 0.05206265300512314, 0.02742929197847843, 0.03516549617052078, 0.05206265300512314, 0.035951826721429825, 0.6097499132156372, 0.05206265300512314, 0.6560613512992859, 0.07134577631950378, 0.05206265300512314, 0.12182307988405228, 0.07113227993249893, 0.05206265300512314, 0.1354658156633377, 0.07606817036867142, 0.05206265300512314, 0.18376532196998596, 0.142706960439682, 0.05206265300512314, 0.4324791133403778, 0.15165944397449493, 0.05206265300512314, 0.26358458399772644, 0.09445612877607346, 0.05206265300512314, 0.1434459388256073, 0.24180686473846436, 0.05206265300512314, 0.32304561138153076, -0.6138990521430969, -0.8743973970413208, -0.9303870797157288, -0.93636155128479, -0.9329462647438049, -0.9049999713897705, -0.9086045026779175, -0.8872782588005066, -0.805117666721344, -0.8987889885902405, -0.8392380475997925, -0.9075294733047485, 0.07425481081008911, 0.2013958841562271, 0.010661305859684944], "std": [0.223215252161026, 0.22321563959121704, 0.23447713255882263, 0.10714348405599594, 0.22321563959121704, 0.07654134929180145, 0.10797152668237686, 0.22321563959121704, 0.06640356779098511, 0.10819128155708313, 0.22321563959121704, 0.0745154470205307, 0.3617672324180603, 0.22321563959121704, 0.384845107793808, 0.1583891659975052, 0.22321563959121704, 0.24860815703868866, 0.15178079903125763, 0.22321563959121704, 0.24272941052913666, 0.12691166996955872, 0.22321563959121704, 0.18402308225631714, 0.17362156510353088, 0.22321563959121704, 0.22063902020454407, 0.2583373486995697, 0.22321563959121704, 0.32282233238220215, 0.18661849200725555, 0.22321563959121704, 0.253389447927475, 0.3676949739456177, 0.22321563959121704, 0.38477763533592224, 0.5259519219398499, 0.6007704138755798, 0.45184922218322754, 0.4325135350227356, 0.4438144266605377, 0.5252682566642761, 0.5154357552528381, 0.5704667568206787, 0.7393360137939453, 0.5415900349617004, 0.6755228638648987, 0.5184548497200012, 0.23339492082595825, 0.3860536217689514, 0.05746736004948616], "count": 96000.0}