{"mean": [0.6523168087005615, 0.34768086671829224, 0.6511583924293518, 0.0068524847738444805, 0.34768086671829224, 0.05491146072745323, 0.0069874608889222145, 0.34768086671829224, 0.05185069143772125, 0.010933577083051205, 0.34768086671829224, 0.05643356591463089, 0.429297536611557, 0.34768086671829224, 0.49342480301856995, 0.06240547448396683, 0.349893718957901, 0.1779850870370865, 0.014378063380718231, 0.349893718957901, 0.08624345809221268, 0.04801398143172264, 0.34768086671829224, 0.17659811675548553, 0.05650394409894943, 0.34768086671829224, 0.29647374153137207, 0.07738977670669556, 0.48699498176574707, 0.2300971895456314, 0.0951436460018158, 0.48699498176574707, 0.249314546585083, 0.1705651432275772, 0.48699498176574707, 0.3427996039390564, -0.9547277688980103, -0.987264096736908, -0.9887210130691528, -0.9905554056167603, -0.9889203310012817, -0.9904548525810242, -0.9881460666656494, -0.9901726841926575, -0.9903581142425537, -0.989004909992218, -0.9904586672782898, -0.9894633889198303, 0.006198698189109564, 0.005973030813038349, 0.002509961137548089], "std": [0.4764373004436493, 0.4764373004436493, 0.4768035113811493, 0.047878995537757874, 0.4764373004436493, 0.08099883049726486, 0.053255293518304825, 0.4764373004436493, 0.07921083271503448, 0.04748643562197685, 0.4764373004436493, 0.08274868875741959, 0.3896353542804718, 0.4764373004436493, 0.43264126777648926, 0.14869427680969238, 0.474869042634964, 0.28087136149406433, 0.05989324674010277, 0.474869042634964, 0.13541506230831146, 0.08023448288440704, 0.4764373004436493, 0.20852355659008026, 0.08306152373552322, 0.4764373004436493, 0.24568825960159302, 0.1290106177330017, 0.4679085910320282, 0.27230969071388245, 0.14504729211330414, 0.4679085910320282, 0.2879472076892853, 0.2871159315109253, 0.4679085910320282, 0.38055452704429626, 0.2294829934835434, 0.19535578787326813, 0.18388713896274567, 0.16843339800834656, 0.18235810101032257, 0.16925601661205292, 0.1883269101381302, 0.171659916639328, 0.17010413110256195, 0.18159878253936768, 0.16913779079914093, 0.17793215811252594, 0.06425491720438004, 0.06716413795948029, 0.027948785573244095], "count": 32734.0}