{"mean": [0.5982560515403748, 0.4016904830932617, 0.5914596915245056, 0.027909018099308014, 0.4016904830932617, 0.03173711895942688, 0.02753983438014984, 0.4016904830932617, 0.0297533068805933, 0.03197415918111801, 0.4016904830932617, 0.035588737577199936, 0.4194485545158386, 0.4016904830932617, 0.45398032665252686, 0.07245934009552002, 0.4016904830932617, 0.1255202442407608, 0.03741559013724327, 0.4016904830932617, 0.06505267322063446, 0.06466516852378845, 0.4016904830932617, 0.12226151674985886, 0.09470686316490173, 0.4016904830932617, 0.2736569941043854, 0.07845084369182587, 0.4016904830932617, 0.13679546117782593, 0.0808277279138565, 0.4016904830932617, 0.13604684174060822, 0.14375129342079163, 0.4016904830932617, 0.19756002724170685, -0.5869539976119995, -0.7312092781066895, -0.8185884952545166, -0.8975353240966797, -0.9092073440551758, -0.9215250015258789, -0.8727527856826782, -0.9022342562675476, -0.8911787271499634, -0.904089629650116, -0.8769367933273315, -0.8882057666778564, 0.08865734934806824, 0.04303920269012451, 0.012402010150253773], "std": [0.4909113645553589, 0.4909261465072632, 0.49225303530693054, 0.11209838092327118, 0.4909261465072632, 0.07400648295879364, 0.11280183494091034, 0.4909261465072632, 0.07150918245315552, 0.11622968316078186, 0.4909261465072632, 0.07952145487070084, 0.42229780554771423, 0.4909261465072632, 0.44790899753570557, 0.16813236474990845, 0.4909261465072632, 0.2634885311126709, 0.12158539891242981, 0.4909261465072632, 0.14635828137397766, 0.14256709814071655, 0.4909261465072632, 0.18077395856380463, 0.17869652807712555, 0.4909261465072632, 0.2711348235607147, 0.1688631922006607, 0.4909261465072632, 0.2365952730178833, 0.18178790807724, 0.4909261465072632, 0.25464576482772827, 0.2960606813430786, 0.4909261465072632, 0.3293384611606598, 0.5269311666488647, 0.8567376732826233, 0.7150026559829712, 0.5447801351547241, 0.5138621926307678, 0.47904813289642334, 0.6045467257499695, 0.5325706005096436, 0.5608060956001282, 0.5277071595191956, 0.5949691534042358, 0.568253219127655, 0.26594021916389465, 0.17877508699893951, 0.06289435178041458], "count": 96000.0}