{"mean": [0.853586733341217, 0.14641307294368744, 0.853586733341217, 0.003543592756614089, 0.14641307294368744, 0.09880378097295761, 0.0028988406993448734, 0.14641307294368744, 0.09033496677875519, 0.00791568960994482, 0.14641307294368744, 0.09094031900167465, 0.6022135019302368, 0.14641307294368744, 0.6995827555656433, 0.1027320995926857, 0.15140584111213684, 0.3104356825351715, 0.012728501111268997, 0.15140584111213684, 0.1353597491979599, 0.05549904331564903, 0.14641307294368744, 0.24198602139949799, 0.058281611651182175, 0.14641307294368744, 0.39720413088798523, 0.10525800287723541, 0.39705055952072144, 0.3579631447792053, 0.1316276341676712, 0.39705055952072144, 0.37882235646247864, 0.19185037910938263, 0.39705055952072144, 0.48781678080558777, -0.6309359669685364, -0.9238659739494324, -0.9048312902450562, -0.8975123167037964, -0.8872620463371277, -0.9209374189376831, -0.8945838809013367, -0.8931198120117188, -0.931186318397522, -0.8960467576980591, -0.9033668041229248, -0.884332001209259, 0.03670310229063034, 0.0606994554400444, 0.02134609781205654], "std": [0.3527802526950836, 0.3527802526950836, 0.3527802526950836, 0.00633393507450819, 0.3527802526950836, 0.08389165252447128, 0.005334889981895685, 0.3527802526950836, 0.07478959113359451, 0.011540752835571766, 0.3527802526950836, 0.09301458299160004, 0.31421998143196106, 0.3527802526950836, 0.34040841460227966, 0.1761869192123413, 0.3508546054363251, 0.3154265880584717, 0.02316690795123577, 0.3508546054363251, 0.12582626938819885, 0.06554684042930603, 0.3527802526950836, 0.21411511301994324, 0.05969071760773659, 0.3527802526950836, 0.20033924281597137, 0.11311642080545425, 0.4239862859249115, 0.23773033916950226, 0.13515505194664001, 0.4239862859249115, 0.25221192836761475, 0.24513699114322662, 0.4239862859249115, 0.35170596837997437, 0.5662987232208252, 0.4709928035736084, 0.5231130123138428, 0.5440701842308044, 0.5700194239616394, 0.4800509810447693, 0.5517479777336121, 0.5554645657539368, 0.44869664311408997, 0.5481396913528442, 0.5285276174545288, 0.5768910646438599, 0.13401305675506592, 0.19481265544891357, 0.06697966903448105], "count": 2049.0}