{"mean": [0.798825204372406, 0.2011721432209015, 0.7982878088951111, 0.014203796163201332, 0.2011721432209015, 0.05966854467988014, 0.014495410025119781, 0.2011721432209015, 0.06192886084318161, 0.020018339157104492, 0.2011721432209015, 0.06999881565570831, 0.5245373249053955, 0.2011721432209015, 0.603186845779419, 0.08509207516908646, 0.2011721432209015, 0.21739479899406433, 0.02403303235769272, 0.2011721432209015, 0.09669045358896255, 0.0664697214961052, 0.2011721432209015, 0.20815975964069366, 0.09626942873001099, 0.2011721432209015, 0.37749600410461426, 0.07663554698228836, 0.2011721432209015, 0.20220628380775452, 0.08760790526866913, 0.2011721432209015, 0.2245974838733673, 0.16813887655735016, 0.2011721432209015, 0.29333171248435974, -0.12824569642543793, -0.46826207637786865, -0.29508447647094727, -0.42057356238365173, -0.6266285181045532, -0.6136058568954468, -0.41861942410469055, -0.4371737539768219, -0.6448557376861572, -0.5527334213256836, -0.6915689706802368, -0.5862612724304199, 0.12246058881282806, 0.1559259593486786, 0.054802168160676956], "std": [0.40091636776924133, 0.40091636776924133, 0.40132227540016174, 0.06083424389362335, 0.40091636776924133, 0.08304527401924133, 0.06726406514644623, 0.40091636776924133, 0.0883694738149643, 0.06239568814635277, 0.40091636776924133, 0.09103568643331528, 0.37497439980506897, 0.40091636776924133, 0.4052674472332001, 0.1667327731847763, 0.40091636776924133, 0.30383625626564026, 0.08009183406829834, 0.40091636776924133, 0.14589834213256836, 0.09509648382663727, 0.40091636776924133, 0.21339018642902374, 0.15395177900791168, 0.40091636776924133, 0.24369080364704132, 0.13735783100128174, 0.40091636776924133, 0.2608492076396942, 0.14439238607883453, 0.40091636776924133, 0.2699083387851715, 0.2988031804561615, 0.40091636776924133, 0.3587159216403961, 0.5403807759284973, 1.1454501152038574, 1.271762490272522, 1.1840760707855225, 0.9900818467140198, 1.0047188997268677, 1.1856327056884766, 1.1710129976272583, 0.9690712690353394, 1.0683919191360474, 0.910895586013794, 1.0342928171157837, 0.2513061761856079, 0.3159377872943878, 0.1081666499376297], "count": 18432.0}