{"mean": [1.0, 0.0, 1.0, 0.003938435576856136, 0.0, 0.13160443305969238, 0.003250368172302842, 0.0, 0.12142833322286606, 0.008549623191356659, 0.0, 0.11296028643846512, 0.7145137190818787, 0.0, 0.832881510257721, 0.11331086605787277, 0.0, 0.3687177300453186, 0.013013742864131927, 0.0, 0.1692320853471756, 0.06506176292896271, 0.0, 0.2880147099494934, 0.06515626609325409, 0.0, 0.4605411887168884, 0.0924762412905693, 0.0, 0.3460466265678406, 0.10456427186727524, 0.0, 0.3377985954284668, 0.15675099194049835, 0.0, 0.4008645713329315, -0.16766121983528137, -0.38806629180908203, -0.6446112990379333, -0.934368371963501, -0.4028826057910919, -0.9143326282501221, -0.8858715295791626, -0.7957999110221863, -0.22739095985889435, -0.46298301219940186, -0.8963366746902466, -0.9164454936981201, 0.01682720147073269, 0.20774653553962708, 0.028297897428274155], "std": [0.021917328238487244, 0.021917328238487244, 0.021917328238487244, 0.022256387397646904, 0.021917328238487244, 0.0752587765455246, 0.022121770307421684, 0.021917328238487244, 0.06488126516342163, 0.023386796936392784, 0.021917328238487244, 0.09665363281965256, 0.17523276805877686, 0.021917328238487244, 0.1569422334432602, 0.18064086139202118, 0.021917328238487244, 0.2952670454978943, 0.024271821603178978, 0.021917328238487244, 0.10632287710905075, 0.06772901862859726, 0.021917328238487244, 0.2067987620830536, 0.060112133622169495, 0.021917328238487244, 0.12293555587530136, 0.11487654596567154, 0.021917328238487244, 0.22945763170719147, 0.13172298669815063, 0.021917328238487244, 0.22305890917778015, 0.22823308408260345, 0.021917328238487244, 0.33361196517944336, 0.5301188826560974, 1.2088077068328857, 0.9694586396217346, 0.4392884373664856, 1.197764277458191, 0.49948006868362427, 0.5738971829414368, 0.7555163502693176, 1.311813473701477, 1.1500589847564697, 0.5478819608688354, 0.49367016553878784, 0.07185094058513641, 0.282044380903244, 0.05447782203555107], "count": 96000.0}