{"mean": [0.9824556112289429, 0.017416778951883316, 0.9823997020721436, 0.010658792220056057, 0.017416778951883316, 0.1070331409573555, 0.006995160598307848, 0.017416778951883316, 0.07083196192979813, 0.014125778339803219, 0.017416778951883316, 0.08300256729125977, 0.7316786646842957, 0.017416778951883316, 0.8297106623649597, 0.09972121566534042, 0.020894372835755348, 0.293020099401474, 0.022498616948723793, 0.020894372835755348, 0.143732950091362, 0.06568576395511627, 0.017416778951883316, 0.23334245383739471, 0.08957654982805252, 0.017416778951883316, 0.4669206142425537, 0.12188809365034103, 0.2493111491203308, 0.4168378710746765, 0.1597891002893448, 0.2493111491203308, 0.3897678852081299, 0.25673729181289673, 0.2493111491203308, 0.5616616010665894, -0.770603358745575, -0.523841381072998, -0.981897234916687, -0.9836124777793884, -0.9954742193222046, -0.9926097393035889, -0.9903451800346375, -0.9774622917175293, -0.9914975166320801, -0.9929602146148682, -0.9908842444419861, -0.9942100644111633, 0.09234271943569183, 0.004632462747395039, 0.04456295818090439], "std": [0.13340942561626434, 0.13340651988983154, 0.13361333310604095, 0.03578786924481392, 0.13340651988983154, 0.07965473085641861, 0.03279045969247818, 0.13340651988983154, 0.07434718310832977, 0.043342750519514084, 0.13340651988983154, 0.09162182360887527, 0.24489839375019073, 0.13340651988983154, 0.21996986865997314, 0.1706680804491043, 0.13322678208351135, 0.30079224705696106, 0.05019805207848549, 0.13322678208351135, 0.159309983253479, 0.07597833126783371, 0.13340651988983154, 0.2050675004720688, 0.08743199706077576, 0.13340651988983154, 0.14207325875759125, 0.11356614530086517, 0.36434370279312134, 0.2273254245519638, 0.15841205418109894, 0.36434370279312134, 0.24906295537948608, 0.29826363921165466, 0.36434370279312134, 0.3142312467098236, 0.4801371395587921, 1.0965914726257324, 0.2329806536436081, 0.22191761434078217, 0.12357307225465775, 0.14943142235279083, 0.16994772851467133, 0.26059019565582275, 0.15959717333316803, 0.1462693214416504, 0.1651468127965927, 0.134923055768013, 0.23064900934696198, 0.05938396975398064, 0.12153059244155884], "count": 144000.0}