{"mean": [0.9661211371421814, 0.03387488052248955, 0.9660781025886536, 0.006033194717019796, 0.03387488052248955, 0.09671559929847717, 0.00545863201841712, 0.03387488052248955, 0.08867473155260086, 0.01007799617946148, 0.03387488052248955, 0.07431481778621674, 0.7205007672309875, 0.03387488052248955, 0.8163567185401917, 0.10090968757867813, 0.03719426691532135, 0.2983923852443695, 0.021355312317609787, 0.03719426691532135, 0.15269607305526733, 0.05579089745879173, 0.03387488052248955, 0.2180788666009903, 0.07752867043018341, 0.03387488052248955, 0.4511929154396057, 0.12397943437099457, 0.27365419268608093, 0.39157477021217346, 0.14163616299629211, 0.27365419268608093, 0.392304003238678, 0.23383304476737976, 0.27365419268608093, 0.5265548229217529, -0.6805083155632019, -0.4734419882297516, -0.9496886730194092, -0.9721819162368774, -0.9845069050788879, -0.9736191034317017, -0.9859858155250549, -0.9416176080703735, -0.9649320840835571, -0.9900805950164795, -0.9720579981803894, -0.9833014607429504, 0.09290145337581635, 0.013630138710141182, 0.04370187968015671], "std": [0.18153119087219238, 0.18152914941310883, 0.18163985013961792, 0.021398114040493965, 0.18152914941310883, 0.07906915992498398, 0.0224464014172554, 0.18152914941310883, 0.07258974760770798, 0.028262093663215637, 0.18152914941310883, 0.08953753113746643, 0.2495589256286621, 0.18152914941310883, 0.2434716820716858, 0.17496465146541595, 0.1811182051897049, 0.3100987672805786, 0.05400973558425903, 0.1811182051897049, 0.14930789172649384, 0.06930102407932281, 0.18152914941310883, 0.20036037266254425, 0.07163496315479279, 0.18152914941310883, 0.15206438302993774, 0.12498027086257935, 0.3887881934642792, 0.23427779972553253, 0.13977323472499847, 0.3887881934642792, 0.24764202535152435, 0.2882956862449646, 0.3887881934642792, 0.3403121829032898, 0.554442822933197, 1.1411669254302979, 0.3855084180831909, 0.2878548800945282, 0.2155429571866989, 0.2804067134857178, 0.20501549541950226, 0.4147392511367798, 0.32278111577033997, 0.17307288944721222, 0.2884673476219177, 0.22361823916435242, 0.22306829690933228, 0.09719209372997284, 0.10873560607433319], "count": 48000.0}