{"mean": [0.9506425857543945, 0.04935427010059357, 0.9506219029426575, 0.007506157271564007, 0.04935427010059357, 0.08188390731811523, 0.0066849286668002605, 0.04935427010059357, 0.07566868513822556, 0.014192124828696251, 0.04935427010059357, 0.08645006269216537, 0.6565667390823364, 0.04935427010059357, 0.7627214789390564, 0.08156830817461014, 0.052616093307733536, 0.24798908829689026, 0.0251388568431139, 0.052616093307733536, 0.15106897056102753, 0.06410101801156998, 0.04935427010059357, 0.24635210633277893, 0.09047513455152512, 0.04935427010059357, 0.4485202431678772, 0.13772644102573395, 0.2589249610900879, 0.37431198358535767, 0.1393563598394394, 0.2589249610900879, 0.39142709970474243, 0.2637600004673004, 0.2589249610900879, 0.5360346436500549, -0.8785325884819031, -0.8801760077476501, -0.9783163070678711, -0.9824232459068298, -0.9851728081703186, -0.9839401841163635, -0.9865586161613464, -0.9713014364242554, -0.9790017008781433, -0.984625518321991, -0.9826108813285828, -0.9878618121147156, 0.028035691007971764, 0.008623641915619373, 0.01249036006629467], "std": [0.21707257628440857, 0.21707113087177277, 0.21711236238479614, 0.026116106659173965, 0.21707113087177277, 0.08407957851886749, 0.027975767850875854, 0.21707113087177277, 0.07753271609544754, 0.037091806530952454, 0.21707113087177277, 0.09286598116159439, 0.2866426706314087, 0.21707113087177277, 0.296996146440506, 0.15826170146465302, 0.21650473773479462, 0.29659542441368103, 0.0572199709713459, 0.21650473773479462, 0.18231414258480072, 0.07450038939714432, 0.21707113087177277, 0.20535382628440857, 0.09016215801239014, 0.21707113087177277, 0.1710827499628067, 0.1519206464290619, 0.36641326546669006, 0.25746309757232666, 0.14660392701625824, 0.36641326546669006, 0.26893314719200134, 0.3173098862171173, 0.36641326546669006, 0.34638920426368713, 0.3724248707294464, 0.587432324886322, 0.2545524537563324, 0.22933556139469147, 0.21079151332378387, 0.2194310426712036, 0.20090922713279724, 0.29227447509765625, 0.2505090534687042, 0.2147255688905716, 0.22810502350330353, 0.19094890356063843, 0.12874232232570648, 0.0738658681511879, 0.060614120215177536], "count": 48000.0}