{"mean": [0.864812433719635, 0.13518781960010529, 0.8638361692428589, 0.004288300406187773, 0.13518781960010529, 0.09864190965890884, 0.0038167282473295927, 0.13518781960010529, 0.09191300719976425, 0.008369775488972664, 0.13518781960010529, 0.08533098548650742, 0.6104450225830078, 0.13518781960010529, 0.7041308879852295, 0.10014884918928146, 0.13949459791183472, 0.3018633723258972, 0.01196160726249218, 0.13949459791183472, 0.12975019216537476, 0.05378446355462074, 0.13518781960010529, 0.2361001968383789, 0.05573372542858124, 0.13518781960010529, 0.39226171374320984, 0.11356114596128464, 0.3698709309101105, 0.3702643811702728, 0.13741222023963928, 0.3698709309101105, 0.3880830407142639, 0.19782789051532745, 0.3698709309101105, 0.49568361043930054, -0.6438723206520081, -0.9077597260475159, -0.9106876850128174, -0.9106877446174622, -0.923865020275116, -0.9121513366699219, -0.9370431303977966, -0.9370430111885071, -0.9033671021461487, -0.9004389643669128, -0.9092239141464233, -0.8872614502906799, 0.03631548583507538, 0.0665317103266716, 0.021610984578728676], "std": [0.34119635820388794, 0.3411964476108551, 0.342236191034317, 0.03156859800219536, 0.3411964476108551, 0.0801631286740303, 0.03147449716925621, 0.3411964476108551, 0.07137680798768997, 0.03249730169773102, 0.3411964476108551, 0.09035497158765793, 0.31276148557662964, 0.3411964476108551, 0.34091946482658386, 0.1760304570198059, 0.3396322429180145, 0.3112913966178894, 0.03414067253470421, 0.3396322429180145, 0.11065016686916351, 0.07058034837245941, 0.3411964476108551, 0.2120269536972046, 0.06203572079539299, 0.3411964476108551, 0.19317783415317535, 0.11667319387197495, 0.4245094954967499, 0.23918375372886658, 0.13598740100860596, 0.4245094954967499, 0.25085049867630005, 0.24031668901443481, 0.4245094954967499, 0.35715287923812866, 0.5610781311988831, 0.5172348618507385, 0.5093753337860107, 0.5090731382369995, 0.47069934010505676, 0.5050667524337769, 0.42969128489494324, 0.4297480881214142, 0.5287491083145142, 0.5368944406509399, 0.5129691958427429, 0.5700298547744751, 0.13441164791584015, 0.2097095102071762, 0.06946145743131638], "count": 2049.0}