{"mean": [0.8418743014335632, 0.15812596678733826, 0.8418743014335632, 0.004400540608912706, 0.15812596678733826, 0.09280166029930115, 0.0036017694510519505, 0.15812596678733826, 0.08385954797267914, 0.008557268418371677, 0.15812596678733826, 0.08533993363380432, 0.5881461501121521, 0.15812596678733826, 0.6797284483909607, 0.10218527168035507, 0.16231201589107513, 0.29820603132247925, 0.01370371226221323, 0.16231201589107513, 0.12912389636039734, 0.05377669259905815, 0.15812596678733826, 0.2369878739118576, 0.05617719516158104, 0.15812596678733826, 0.3892975151538849, 0.10514122992753983, 0.40028542280197144, 0.3508811891078949, 0.12471333891153336, 0.40028542280197144, 0.35694620013237, 0.18590158224105835, 0.40028542280197144, 0.4684830605983734, -0.6655001640319824, -0.9619330167770386, -0.898975670337677, -0.9341152310371399, -0.9209365844726562, -0.894582986831665, -0.9136155843734741, -0.9004384875297546, -0.9355793595314026, -0.9180088043212891, -0.8828696608543396, -0.9326503276824951, 0.04134661331772804, 0.05197800323367119, 0.01869807578623295], "std": [0.36408674716949463, 0.36408674716949463, 0.36408674716949463, 0.023334624245762825, 0.36408674716949463, 0.08302491158246994, 0.017414337024092674, 0.36408674716949463, 0.07343389838933945, 0.020740699023008347, 0.36408674716949463, 0.09048378467559814, 0.32522207498550415, 0.36408674716949463, 0.35378313064575195, 0.17664358019828796, 0.3623945415019989, 0.31832602620124817, 0.029031002894043922, 0.3623945415019989, 0.12748116254806519, 0.06650586426258087, 0.36408674716949463, 0.21172977983951569, 0.06081730127334595, 0.36408674716949463, 0.20404525101184845, 0.11488203704357147, 0.430819571018219, 0.24444140493869781, 0.1330363154411316, 0.430819571018219, 0.25570476055145264, 0.24370267987251282, 0.430819571018219, 0.35822683572769165, 0.5472329258918762, 0.33537042140960693, 0.5407791137695312, 0.43925708532333374, 0.48019057512283325, 0.5519583821296692, 0.500934898853302, 0.5368722081184387, 0.434520423412323, 0.48833903670310974, 0.5798619389533997, 0.4440886974334717, 0.1535096913576126, 0.18363237380981445, 0.05975137650966644], "count": 2049.0}