{"mean": [0.718810498714447, 0.28118911385536194, 0.718810498714447, 0.004765808116644621, 0.28118911385536194, 0.0642366111278534, 0.004367469344288111, 0.28118911385536194, 0.059457309544086456, 0.008429763838648796, 0.28118911385536194, 0.05666893348097801, 0.4859539270401001, 0.28118911385536194, 0.5594637989997864, 0.07090222090482712, 0.2837080657482147, 0.20442786812782288, 0.011621830053627491, 0.2837080657482147, 0.09343507885932922, 0.044919151812791824, 0.28118911385536194, 0.1809072494506836, 0.05263917148113251, 0.28118911385536194, 0.3179091513156891, 0.0882241278886795, 0.4408249855041504, 0.2705695927143097, 0.11005950719118118, 0.4408249855041504, 0.2862131893634796, 0.19510342180728912, 0.4408249855041504, 0.3879181444644928, -0.9190701842308044, -0.9780696034431458, -0.9795320630073547, -0.9824561476707458, -0.9956141114234924, -0.9663740992546082, -0.9839178323745728, -0.9780698418617249, -0.972222089767456, -0.9824562072753906, -0.9868420958518982, -0.9824562668800354, 0.008971139788627625, 0.010290016420185566, 0.005413047969341278], "std": [0.4489138722419739, 0.4489138722419739, 0.4489138722419739, 0.02758985012769699, 0.4489138722419739, 0.08139966428279877, 0.02317517250776291, 0.4489138722419739, 0.07336718589067459, 0.02501903846859932, 0.4489138722419739, 0.08156094700098038, 0.38201120495796204, 0.4489138722419739, 0.4211198389530182, 0.15568134188652039, 0.44740161299705505, 0.2955227196216583, 0.033587198704481125, 0.44740161299705505, 0.1259497106075287, 0.06941714137792587, 0.4489138722419739, 0.20687514543533325, 0.06190461292862892, 0.4489138722419739, 0.23189112544059753, 0.1264527440071106, 0.4626481235027313, 0.27644798159599304, 0.1483777016401291, 0.4626481235027313, 0.29369279742240906, 0.2977856397628784, 0.4626481235027313, 0.3906366229057312, 0.3092980682849884, 0.25496771931648254, 0.24504010379314423, 0.22845546901226044, 0.11451539397239685, 0.31503796577453613, 0.21830081939697266, 0.2551434338092804, 0.28610238432884216, 0.2281094193458557, 0.19681450724601746, 0.22842486202716827, 0.07034359127283096, 0.0917680561542511, 0.03557959944009781], "count": 2052.0}