{"mean": [0.956342339515686, 0.04366648569703102, 0.9494618773460388, 0.025875598192214966, 0.04366648569703102, 0.039197977632284164, 0.025039123371243477, 0.04366648569703102, 0.0309905968606472, 0.029330264776945114, 0.04366648569703102, 0.03967367485165596, 0.5875670313835144, 0.04366648569703102, 0.6362804770469666, 0.12049172818660736, 0.04366648569703102, 0.22410835325717926, 0.037468381226062775, 0.04366648569703102, 0.08511120826005936, 0.07191010564565659, 0.04366648569703102, 0.20296752452850342, 0.1086788922548294, 0.04366648569703102, 0.4153534770011902, 0.08893518149852753, 0.04366648569703102, 0.18264035880565643, 0.14922012388706207, 0.04366648569703102, 0.21745842695236206, 0.2347460389137268, 0.04366648569703102, 0.32031354308128357, -0.7232586145401001, -0.8551838397979736, -0.923064112663269, -0.9540403485298157, -0.9256460070610046, -0.9371063113212585, -0.9394453167915344, -0.934882640838623, -0.8125569224357605, -0.9194533824920654, -0.9456796050071716, -0.9323598146438599, 0.08413408696651459, 0.06392314285039902, 0.011755366809666157], "std": [0.20550261437892914, 0.2055027335882187, 0.2200528383255005, 0.10765031725168228, 0.2055027335882187, 0.07817474007606506, 0.11001516878604889, 0.2055027335882187, 0.07123231887817383, 0.10886922478675842, 0.2055027335882187, 0.07641816139221191, 0.3836296796798706, 0.2055027335882187, 0.39604872465133667, 0.20692680776119232, 0.2055027335882187, 0.34770599007606506, 0.12018308788537979, 0.2055027335882187, 0.15392519533634186, 0.12716081738471985, 0.2055027335882187, 0.19627171754837036, 0.16763323545455933, 0.2055027335882187, 0.21320360898971558, 0.17357580363750458, 0.2055027335882187, 0.25344401597976685, 0.28555750846862793, 0.2055027335882187, 0.3379877507686615, 0.3732490539550781, 0.2055027335882187, 0.38626888394355774, 0.5011782050132751, 0.642943263053894, 0.4743170738220215, 0.36905261874198914, 0.4665510058403015, 0.4300782382488251, 0.4223071038722992, 0.4375056326389313, 0.7260391116142273, 0.4849332869052887, 0.40056514739990234, 0.44559478759765625, 0.25711649656295776, 0.22078604996204376, 0.0607854500412941], "count": 96000.0}