{"mean": [0.9941319823265076, 0.005697951652109623, 0.9922865629196167, 0.009926971979439259, 0.005697951652109623, 0.08204203844070435, 0.011322664096951485, 0.005697951652109623, 0.08216938376426697, 0.015328262001276016, 0.005697951652109623, 0.08514823764562607, 0.646727442741394, 0.005697951652109623, 0.7611397504806519, 0.12463349103927612, 0.005697951652109623, 0.3221058249473572, 0.01905226521193981, 0.005697951652109623, 0.12296625971794128, 0.06931579113006592, 0.005697951652109623, 0.25574344396591187, 0.08002821356058121, 0.005697951652109623, 0.4425705671310425, 0.07157277315855026, 0.005697951652109623, 0.23492062091827393, 0.09941163659095764, 0.005697951652109623, 0.2826389968395233, 0.2080463469028473, 0.005697951652109623, 0.36949023604393005, -0.025866055861115456, 0.18065157532691956, 0.2686568796634674, 0.19150087237358093, -0.9540165662765503, -0.3870949149131775, -0.22791129350662231, -0.539752185344696, -0.9651017785072327, -0.23430629074573517, -0.8080642819404602, -0.727448582649231, 0.22680717706680298, 0.0515444315969944, 0.14998947083950043], "std": [0.07838501036167145, 0.07838422060012817, 0.0896025076508522, 0.05624496936798096, 0.07838422060012817, 0.08561830967664719, 0.08183793723583221, 0.07838422060012817, 0.09891481697559357, 0.05651296675205231, 0.07838422060012817, 0.09323719143867493, 0.2883506417274475, 0.07838422060012817, 0.28763237595558167, 0.19734017550945282, 0.07838422060012817, 0.33801954984664917, 0.08344155550003052, 0.07838422060012817, 0.130379319190979, 0.09060344845056534, 0.07838422060012817, 0.21136462688446045, 0.104316346347332, 0.07838422060012817, 0.16718348860740662, 0.12365289777517319, 0.07838422060012817, 0.25360307097435, 0.14658333361148834, 0.07838422060012817, 0.2883390784263611, 0.3359776437282562, 0.07838422060012817, 0.370599627494812, 0.5496076345443726, 1.465558409690857, 1.482026219367981, 1.4678750038146973, 0.3691565990447998, 1.2095741033554077, 1.3115794658660889, 1.081129550933838, 0.32233941555023193, 1.3079322576522827, 0.734183132648468, 0.8620952367782593, 0.2562592923641205, 0.17128904163837433, 0.1668236404657364], "count": 96000.0}