{"mean": [0.8526109457015991, 0.14738911390304565, 0.8526109457015991, 0.003782662795856595, 0.14738911390304565, 0.09997957944869995, 0.0033367204014211893, 0.14738911390304565, 0.09250224381685257, 0.00804255809634924, 0.14738911390304565, 0.08823239058256149, 0.5905942916870117, 0.14738911390304565, 0.6866231560707092, 0.08618108928203583, 0.15220414102077484, 0.2798490822315216, 0.011986620724201202, 0.15220414102077484, 0.13342154026031494, 0.056406330317258835, 0.14738911390304565, 0.24157965183258057, 0.05976971983909607, 0.14738911390304565, 0.3906324505805969, 0.10634232312440872, 0.35986220836639404, 0.3577524423599243, 0.12520110607147217, 0.35986220836639404, 0.36466044187545776, 0.19254080951213837, 0.35986220836639404, 0.4726690649986267, -0.5721088647842407, -0.8726211786270142, -0.9180080890655518, -0.8945832252502441, -0.9106884598731995, -0.890190839767456, -0.8740852475166321, -0.850658655166626, -0.8872617483139038, -0.9165445566177368, -0.8696922063827515, -0.8843342065811157, 0.04100995138287544, 0.07080771028995514, 0.024172523990273476], "std": [0.35391688346862793, 0.35391637682914734, 0.35391688346862793, 0.008265165612101555, 0.35391637682914734, 0.08337044715881348, 0.008421958424150944, 0.35391637682914734, 0.07450942695140839, 0.010700074955821037, 0.35391637682914734, 0.09303788095712662, 0.3170680105686188, 0.35391637682914734, 0.3470335006713867, 0.16323065757751465, 0.35205593705177307, 0.2978624701499939, 0.022297142073512077, 0.35205593705177307, 0.12000560015439987, 0.06520242244005203, 0.35391637682914734, 0.21537552773952484, 0.05820275470614433, 0.35391637682914734, 0.19984248280525208, 0.11478189378976822, 0.4202355146408081, 0.24153649806976318, 0.1327771246433258, 0.4202355146408081, 0.25036540627479553, 0.25755253434181213, 0.4202355146408081, 0.3571520149707794, 0.5929466485977173, 0.6041015386581421, 0.4881843030452728, 0.5515827536582947, 0.5086022615432739, 0.5619540214538574, 0.6010103225708008, 0.6515499353408813, 0.5701800584793091, 0.49292927980422974, 0.6107233166694641, 0.5764591693878174, 0.14136625826358795, 0.2145378142595291, 0.06819073855876923], "count": 2049.0}