{"mean": [1.0, 0.0, 1.0, 0.00394672155380249, 0.0, 0.13166087865829468, 0.0032402067445218563, 0.0, 0.1213604286313057, 0.00849124975502491, 0.0, 0.11308378726243973, 0.716185986995697, 0.0, 0.8350557684898376, 0.11689954251050949, 0.0, 0.3764057755470276, 0.013300617225468159, 0.0, 0.17054542899131775, 0.06486385315656662, 0.0, 0.28810834884643555, 0.06568940728902817, 0.0, 0.46285125613212585, 0.09116213023662567, 0.0, 0.3430183231830597, 0.10307968407869339, 0.0, 0.334690660238266, 0.15425030887126923, 0.0, 0.39844775199890137, -0.20247702300548553, -0.8043938875198364, -0.42530250549316406, -0.9280105829238892, -0.3997567892074585, -0.9022083282470703, -0.9321503043174744, -0.27700045704841614, -0.605290949344635, -0.4555320143699646, -0.9356448650360107, -0.9185526371002197, 0.022358905524015427, 0.1932554394006729, 0.03251087665557861], "std": [0.021917328238487244, 0.021917328238487244, 0.021917328238487244, 0.022260062396526337, 0.021917328238487244, 0.07626676559448242, 0.022122841328382492, 0.021917328238487244, 0.06574048846960068, 0.02338402532041073, 0.021917328238487244, 0.09684625267982483, 0.17609143257141113, 0.021917328238487244, 0.1558438092470169, 0.18242709338665009, 0.021917328238487244, 0.29675039649009705, 0.024272993206977844, 0.021917328238487244, 0.10742678493261337, 0.06789661198854446, 0.021917328238487244, 0.20619279146194458, 0.06074338033795357, 0.021917328238487244, 0.12276006489992142, 0.11414362490177155, 0.021917328238487244, 0.22907358407974243, 0.1308365911245346, 0.021917328238487244, 0.22262904047966003, 0.22661013901233673, 0.021917328238487244, 0.33150577545166016, 0.5303226113319397, 0.7405662536621094, 1.1805541515350342, 0.4594690203666687, 1.2001529932022095, 0.5326636433601379, 0.4463331699371338, 1.283040165901184, 1.0141167640686035, 1.156331181526184, 0.43493860960006714, 0.4875760078430176, 0.07810956984758377, 0.28142285346984863, 0.059964582324028015], "count": 96000.0}