{"mean": [0.8775998950004578, 0.12239988893270493, 0.8775998950004578, 0.0038209224585443735, 0.12239988893270493, 0.10411462187767029, 0.0032449602149426937, 0.12239988893270493, 0.09599565714597702, 0.008215666748583317, 0.12239988893270493, 0.09369929134845734, 0.6160637736320496, 0.12239988893270493, 0.7191480994224548, 0.09762085974216461, 0.12785877287387848, 0.3100254535675049, 0.012777590192854404, 0.12785877287387848, 0.14134182035923004, 0.05844525247812271, 0.12239988893270493, 0.24891385436058044, 0.06351633369922638, 0.12239988893270493, 0.4084559381008148, 0.10712204873561859, 0.36532989144325256, 0.36486148834228516, 0.13430540263652802, 0.36532989144325256, 0.3892817497253418, 0.1998390406370163, 0.36532989144325256, 0.5030352473258972, -0.6660817265510559, -0.9345999360084534, -0.9142003059387207, -0.9273999929428101, -0.9363998174667358, -0.955600380897522, -0.9328001737594604, -0.9058010578155518, -0.913000762462616, -0.9250001907348633, -0.9189995527267456, -0.9111999273300171, 0.03698981925845146, 0.04872369393706322, 0.022550666704773903], "std": [0.32747048139572144, 0.32747048139572144, 0.32747048139572144, 0.007613498251885176, 0.32747048139572144, 0.08496350049972534, 0.007273155264556408, 0.32747048139572144, 0.07583829760551453, 0.01310188788920641, 0.32747048139572144, 0.09472498297691345, 0.30296051502227783, 0.32747048139572144, 0.3270217180252075, 0.1718909740447998, 0.3256019055843353, 0.30615484714508057, 0.021141454577445984, 0.3256019055843353, 0.1268998086452484, 0.06662900000810623, 0.32747048139572144, 0.21438594162464142, 0.06332359462976456, 0.32747048139572144, 0.19449736177921295, 0.11268895864486694, 0.4121192991733551, 0.23844024538993835, 0.13551770150661469, 0.4121192991733551, 0.24717548489570618, 0.252424955368042, 0.4121192991733551, 0.34609875082969666, 0.5572182536125183, 0.4379422664642334, 0.499789834022522, 0.4608539640903473, 0.43177011609077454, 0.3620207607746124, 0.44381335377693176, 0.5230024456977844, 0.5029260516166687, 0.46817854046821594, 0.4860587418079376, 0.5082017779350281, 0.13703961670398712, 0.17932580411434174, 0.06993626803159714], "count": 5000.0}