{"mean": [0.4157598614692688, 0.5842403769493103, 0.4100516438484192, 0.024846205487847328, 0.5842403769493103, 0.020241480320692062, 0.025724610313773155, 0.5842403769493103, 0.024498965591192245, 0.028508085757493973, 0.5842403769493103, 0.02450711280107498, 0.31321626901626587, 0.5842403769493103, 0.3311491012573242, 0.05486948788166046, 0.5849516987800598, 0.08879054337739944, 0.027958957478404045, 0.5849516987800598, 0.035155534744262695, 0.052897050976753235, 0.5842403769493103, 0.08113204687833786, 0.07237423211336136, 0.5842403769493103, 0.18489114940166473, 0.06587234139442444, 0.6453788876533508, 0.10219621658325195, 0.07577423006296158, 0.6453788876533508, 0.13926683366298676, 0.12077973037958145, 0.6453788876533508, 0.1812841147184372, -0.4606720507144928, -0.7808765769004822, -0.7643203735351562, -0.5898663401603699, -0.870840311050415, -0.8578014373779297, -0.9328061938285828, -0.9419289231300354, -0.39864790439605713, -0.8762283325195312, -0.8335188031196594, -0.21382224559783936, 0.024454254657030106, 0.01732410490512848, 0.002984755439683795], "std": [0.49357718229293823, 0.49357718229293823, 0.49254074692726135, 0.10439468175172806, 0.49357718229293823, 0.06175782158970833, 0.10780588537454605, 0.49357718229293823, 0.06995788216590881, 0.10944568365812302, 0.49357718229293823, 0.06862107664346695, 0.4150935411453247, 0.49357718229293823, 0.43864312767982483, 0.14582319557666779, 0.49272972345352173, 0.2258114069700241, 0.10867798328399658, 0.49272972345352173, 0.09578622877597809, 0.13752523064613342, 0.49357718229293823, 0.15480585396289825, 0.15739218890666962, 0.49357718229293823, 0.25051847100257874, 0.1587783545255661, 0.4676227569580078, 0.21623344719409943, 0.15740354359149933, 0.4676227569580078, 0.2637995779514313, 0.2571518123149872, 0.4676227569580078, 0.32750096917152405, 0.511347234249115, 0.780580997467041, 0.8070423603057861, 1.0304712057113647, 0.6088235974311829, 0.6374086737632751, 0.4442111849784851, 0.4137822091579437, 1.2009130716323853, 0.5966523289680481, 0.6867476105690002, 1.319261074066162, 0.144693985581398, 0.11540746688842773, 0.034486811608076096], "count": 96000.0}