{"mean": [0.8223531246185303, 0.1776476800441742, 0.8218636512756348, 0.004424207378178835, 0.1776476800441742, 0.09249763935804367, 0.004419295582920313, 0.1776476800441742, 0.08698785305023193, 0.00896933302283287, 0.1776476800441742, 0.08481045812368393, 0.5681089758872986, 0.1776476800441742, 0.6590346693992615, 0.08540452271699905, 0.1818053126335144, 0.26758599281311035, 0.012459464371204376, 0.1818053126335144, 0.1258329600095749, 0.05553629994392395, 0.1776476800441742, 0.2333737462759018, 0.057829443365335464, 0.1776476800441742, 0.3763272762298584, 0.10280971229076385, 0.38175415992736816, 0.34026965498924255, 0.12506653368473053, 0.38175415992736816, 0.35724884271621704, 0.18975988030433655, 0.38175415992736816, 0.4580584764480591, -0.6131415963172913, -0.903367280960083, -0.8843348026275635, -0.8916550874710083, -0.9282570481300354, -0.9209367036819458, -0.8931193947792053, -0.8945828080177307, -0.9194729924201965, -0.9165443181991577, -0.8857978582382202, -0.9092240929603577, 0.04533769190311432, 0.06399387866258621, 0.02109898068010807], "std": [0.3814101815223694, 0.3814101815223694, 0.38181957602500916, 0.024608317762613297, 0.3814101815223694, 0.08258692175149918, 0.03245296701788902, 0.3814101815223694, 0.07668381184339523, 0.027653856202960014, 0.3814101815223694, 0.09113197028636932, 0.3294737637042999, 0.3814101815223694, 0.3627703785896301, 0.16439221799373627, 0.3795950412750244, 0.30083274841308594, 0.03672723472118378, 0.3795950412750244, 0.12113182246685028, 0.06923481076955795, 0.3814101815223694, 0.2158823013305664, 0.06500574946403503, 0.3814101815223694, 0.208662211894989, 0.11810219287872314, 0.4317411482334137, 0.24644199013710022, 0.13765035569667816, 0.4317411482334137, 0.25965604186058044, 0.25654569268226624, 0.4317411482334137, 0.362610399723053, 0.5678294897079468, 0.5291698575019836, 0.5763767957687378, 0.5592371821403503, 0.4579586684703827, 0.4800809323787689, 0.5554496049880981, 0.5519949793815613, 0.48401275277137756, 0.49281102418899536, 0.5732437372207642, 0.5130242705345154, 0.15966731309890747, 0.206862673163414, 0.06599590182304382], "count": 2049.0}