{"mean": [0.9971147179603577, 0.0031458032317459583, 0.9967109560966492, 0.010094819590449333, 0.0031458032317459583, 0.09569530934095383, 0.006851369049400091, 0.0031458032317459583, 0.06582809239625931, 0.012845106422901154, 0.0031458032317459583, 0.08130788803100586, 0.694453775882721, 0.0031458032317459583, 0.7875072360038757, 0.1265738308429718, 0.0031458032317459583, 0.34226396679878235, 0.014187056571245193, 0.0031458032317459583, 0.10438757389783859, 0.06450321525335312, 0.0031458032317459583, 0.24679774045944214, 0.08076531440019608, 0.0031458032317459583, 0.45089656114578247, 0.08906786143779755, 0.0031458032317459583, 0.29159078001976013, 0.07793950289487839, 0.0031458032317459583, 0.23701517283916473, 0.20442278683185577, 0.0031458032317459583, 0.37746596336364746, -0.000597198901232332, 0.22171927988529205, 0.4155004918575287, 0.10796865075826645, -0.9426314830780029, -0.4917652904987335, -0.2530522346496582, -0.44425252079963684, -0.9368329048156738, -0.30682167410850525, -0.37170088291168213, -0.6906480193138123, 0.21609380841255188, 0.05434786155819893, 0.14468535780906677], "std": [0.06004900485277176, 0.06004553660750389, 0.062406379729509354, 0.05751577392220497, 0.06004553660750389, 0.09190436452627182, 0.04289035126566887, 0.06004553660750389, 0.08067261427640915, 0.038659922778606415, 0.06004553660750389, 0.09486284852027893, 0.27660009264945984, 0.06004553660750389, 0.27990424633026123, 0.1984783113002777, 0.06004553660750389, 0.3281411826610565, 0.046348847448825836, 0.06004553660750389, 0.1217280849814415, 0.08005540817975998, 0.06004553660750389, 0.2102804034948349, 0.09313865005970001, 0.06004553660750389, 0.15760056674480438, 0.12835316359996796, 0.06004553660750389, 0.28815844655036926, 0.1245429515838623, 0.06004553660750389, 0.2472199648618698, 0.32700371742248535, 0.06004553660750389, 0.36403927206993103, 0.5548651218414307, 1.473874568939209, 1.4975650310516357, 1.447891354560852, 0.4113215208053589, 1.125282645225525, 1.29725182056427, 1.1655369997024536, 0.43103083968162537, 1.2643964290618896, 1.2207273244857788, 0.9122567176818848, 0.24971988797187805, 0.17254005372524261, 0.16778555512428284], "count": 96000.0}