{"mean": [0.8257681131362915, 0.17423124611377716, 0.8257681131362915, 0.004150962922722101, 0.17423124611377716, 0.09664275497198105, 0.00327269546687603, 0.17423124611377716, 0.0903199091553688, 0.007641493808478117, 0.17423124611377716, 0.08204294741153717, 0.5811659097671509, 0.17423124611377716, 0.6788681745529175, 0.08255953341722488, 0.17863298952579498, 0.2675395607948303, 0.012768885120749474, 0.17863298952579498, 0.13291221857070923, 0.051658954471349716, 0.17423124611377716, 0.2214612513780594, 0.056997910141944885, 0.17423124611377716, 0.37197259068489075, 0.11214441806077957, 0.3781566321849823, 0.3605981469154358, 0.13213586807250977, 0.3781566321849823, 0.37199559807777405, 0.20542849600315094, 0.3781566321849823, 0.4849393367767334, -0.6701973080635071, -0.9341147541999817, -0.9385067820549011, -0.9209365844726562, -0.9370430707931519, -0.894582211971283, -0.928257405757904, -0.8711574673652649, -0.91654372215271, -0.8872615694999695, -0.9282577037811279, -0.9267939925193787, 0.031489841639995575, 0.04942198842763901, 0.01674581877887249], "std": [0.37844035029411316, 0.3784402906894684, 0.37844035029411316, 0.025159738957881927, 0.3784402906894684, 0.0850697010755539, 0.012008564546704292, 0.3784402906894684, 0.07386930286884308, 0.015352779068052769, 0.3784402906894684, 0.09181291610002518, 0.32593750953674316, 0.3784402906894684, 0.3608061373233795, 0.16241741180419922, 0.37654703855514526, 0.296265572309494, 0.027883481234312057, 0.37654703855514526, 0.1302175223827362, 0.06495010107755661, 0.3784402906894684, 0.21504147350788116, 0.0608779639005661, 0.3784402906894684, 0.20846043527126312, 0.1196528747677803, 0.42776837944984436, 0.2558271288871765, 0.1374882012605667, 0.42776837944984436, 0.2615247964859009, 0.25817230343818665, 0.42776837944984436, 0.36690518260002136, 0.5460734963417053, 0.43906906247138977, 0.4246266186237335, 0.47929847240448, 0.4294198751449585, 0.551966667175293, 0.45775318145751953, 0.6076366901397705, 0.49262189865112305, 0.5699198246002197, 0.4572167694568634, 0.4625832140445709, 0.12775051593780518, 0.17389002442359924, 0.05569479241967201], "count": 2049.0}