{"mean": [0.9789770841598511, 0.02102084644138813, 0.978937029838562, 0.005941143725067377, 0.02102084644138813, 0.0932583212852478, 0.004608913790434599, 0.02102084644138813, 0.08256753534078598, 0.011373885907232761, 0.02102084644138813, 0.0961102694272995, 0.7077891826629639, 0.02102084644138813, 0.8245651125907898, 0.0901322141289711, 0.024727238342165947, 0.2790718972682953, 0.02424672059714794, 0.024727238342165947, 0.16086360812187195, 0.06407928466796875, 0.02102084644138813, 0.25005054473876953, 0.08762134611606598, 0.02102084644138813, 0.4614289104938507, 0.1525256186723709, 0.25815990567207336, 0.4029313921928406, 0.13847045600414276, 0.25815990567207336, 0.4177112281322479, 0.27443936467170715, 0.25815990567207336, 0.5628008842468262, -0.6918385028839111, -0.5354881286621094, -0.9251880049705505, -0.9659903049468994, -0.9919814467430115, -0.9743665456771851, -0.9796110987663269, -0.9578133225440979, -0.9752538204193115, -0.982859194278717, -0.974553108215332, -0.9649293422698975, 0.08372456580400467, 0.008220360614359379, 0.048912085592746735], "std": [0.1441657394170761, 0.14416462182998657, 0.14430738985538483, 0.021362798288464546, 0.14416462182998657, 0.07928075641393661, 0.023245500400662422, 0.14416462182998657, 0.07289305329322815, 0.027613649144768715, 0.14416462182998657, 0.09711355715990067, 0.23176951706409454, 0.14416462182998657, 0.21996547281742096, 0.16577675938606262, 0.14390146732330322, 0.30038774013519287, 0.055150896310806274, 0.14390146732330322, 0.17737698554992676, 0.07291899621486664, 0.14416462182998657, 0.21045450866222382, 0.08276347815990448, 0.14416462182998657, 0.15851686894893646, 0.1571972817182541, 0.35512787103652954, 0.23985090851783752, 0.14028936624526978, 0.35512787103652954, 0.25410231947898865, 0.32721319794654846, 0.35512787103652954, 0.33437880873680115, 0.5554661750793457, 1.0852018594741821, 0.4678472578525543, 0.31798213720321655, 0.15548190474510193, 0.27648311853408813, 0.24681439995765686, 0.3537098467350006, 0.2717801332473755, 0.22649696469306946, 0.2754915654659271, 0.3228769898414612, 0.18704743683338165, 0.06436120718717575, 0.11650530248880386], "count": 48000.0}