{"mean": [0.7460043430328369, 0.2539965808391571, 0.7460043430328369, 0.0053370920941233635, 0.2539965808391571, 0.07725170254707336, 0.00418531708419323, 0.2539965808391571, 0.06897937506437302, 0.008740577846765518, 0.2539965808391571, 0.07097835093736649, 0.5105370283126831, 0.2539965808391571, 0.5886098742485046, 0.07716253399848938, 0.2574169635772705, 0.23578710854053497, 0.01104093436151743, 0.2574169635772705, 0.10195159167051315, 0.050816141068935394, 0.2539965808391571, 0.20535551011562347, 0.058219362050294876, 0.2539965808391571, 0.341619610786438, 0.0873117446899414, 0.4342159330844879, 0.2826101779937744, 0.11323494464159012, 0.4342159330844879, 0.31124237179756165, 0.18193279206752777, 0.4342159330844879, 0.40725177526474, -0.8355913162231445, -0.9672672748565674, -0.9520429968833923, -0.9634615182876587, -0.9588943719863892, -0.9520429372787476, -0.9665061235427856, -0.9634613990783691, -0.9566100835800171, -0.9558484554290771, -0.9695509076118469, -0.9581324458122253, 0.014756978489458561, 0.028753455728292465, 0.008891069330275059], "std": [0.43496784567832947, 0.43496784567832947, 0.43496784567832947, 0.03319845721125603, 0.43496784567832947, 0.08781641721725464, 0.02382308803498745, 0.43496784567832947, 0.0776427686214447, 0.022051753476262093, 0.43496784567832947, 0.09004136919975281, 0.3701593279838562, 0.43496784567832947, 0.40894007682800293, 0.15927794575691223, 0.4330589771270752, 0.2982529401779175, 0.030654119327664375, 0.4330589771270752, 0.12312480062246323, 0.06865330785512924, 0.43496784567832947, 0.2140856385231018, 0.06919720023870468, 0.43496784567832947, 0.23066522181034088, 0.11816473305225372, 0.45072415471076965, 0.26601698994636536, 0.14448554813861847, 0.45072415471076965, 0.2790375351905823, 0.27343159914016724, 0.45072415471076965, 0.37452957034111023, 0.41430774331092834, 0.31124821305274963, 0.375901460647583, 0.32887890934944153, 0.348488986492157, 0.37602317333221436, 0.3149595260620117, 0.32883161306381226, 0.35752880573272705, 0.3607029616832733, 0.30027568340301514, 0.3517526090145111, 0.08727776259183884, 0.14633192121982574, 0.046834107488393784], "count": 3941.0}