{"mean": [0.9545385837554932, 0.04545842856168747, 0.9545171856880188, 0.005803228821605444, 0.04545842856168747, 0.08569006621837616, 0.005490328185260296, 0.04545842856168747, 0.0841219499707222, 0.010438399389386177, 0.04545842856168747, 0.08131007850170135, 0.6740036010742188, 0.04545842856168747, 0.7910827994346619, 0.07846949249505997, 0.04888658970594406, 0.24717535078525543, 0.031119707971811295, 0.04888658970594406, 0.1827063411474228, 0.0578494556248188, 0.04545842856168747, 0.2337328940629959, 0.08631578832864761, 0.04545842856168747, 0.4547992944717407, 0.1504485309123993, 0.25663357973098755, 0.40206900238990784, 0.12461680918931961, 0.25663357973098755, 0.38051265478134155, 0.2581416070461273, 0.25663357973098755, 0.5424994230270386, -0.8076100945472717, -0.7335043549537659, -0.9731882214546204, -0.9659940600395203, -0.9861751198768616, -0.987320601940155, -0.9831744432449341, -0.9700725674629211, -0.9712363481521606, -0.9854831695556641, -0.9803009629249573, -0.9876198172569275, 0.050617534667253494, 0.009873120114207268, 0.02171763777732849], "std": [0.20880238711833954, 0.20880277454853058, 0.2088456153869629, 0.021155601367354393, 0.20880277454853058, 0.08353044092655182, 0.024344438686966896, 0.20880277454853058, 0.07533106207847595, 0.027970094233751297, 0.20880277454853058, 0.09086781740188599, 0.26566600799560547, 0.20880277454853058, 0.26540055871009827, 0.15687687695026398, 0.20823916792869568, 0.2928225100040436, 0.06709236651659012, 0.20823916792869568, 0.2004789263010025, 0.07007761299610138, 0.20880277454853058, 0.2045290768146515, 0.07667926698923111, 0.20880277454853058, 0.17195546627044678, 0.15610837936401367, 0.36551254987716675, 0.25066328048706055, 0.1347443163394928, 0.36551254987716675, 0.26518428325653076, 0.3120329976081848, 0.36551254987716675, 0.3432873785495758, 0.4577786326408386, 0.8534804582595825, 0.28270968794822693, 0.3178737759590149, 0.20362751185894012, 0.1952846199274063, 0.22443915903568268, 0.29854440689086914, 0.2925945818424225, 0.20860272645950317, 0.2426164448261261, 0.19287437200546265, 0.16894738376140594, 0.08030393719673157, 0.07789252698421478], "count": 48000.0}