{"mean": [0.8794530630111694, 0.1205466017127037, 0.8794530630111694, 0.003561131889000535, 0.1205466017127037, 0.10247178375720978, 0.003051198786124587, 0.1205466017127037, 0.09489069879055023, 0.008096680045127869, 0.1205466017127037, 0.09311829507350922, 0.6130762696266174, 0.1205466017127037, 0.7115760445594788, 0.09695027023553848, 0.12539087235927582, 0.3033463656902313, 0.01152131985872984, 0.12539087235927582, 0.1357925534248352, 0.05790331959724426, 0.1205466017127037, 0.2513721287250519, 0.058985043317079544, 0.1205466017127037, 0.4045029580593109, 0.10964938253164291, 0.3548474609851837, 0.3683162331581116, 0.13056141138076782, 0.3548474609851837, 0.38398393988609314, 0.1946731060743332, 0.3548474609851837, 0.4922412633895874, -0.596870481967926, -0.9224019646644592, -0.9062957167625427, -0.8887265920639038, -0.8696923851966858, -0.8799415230751038, -0.884333610534668, -0.8623722791671753, -0.9326510429382324, -0.9194720983505249, -0.8506587147712708, -0.9077605605125427, 0.041114382445812225, 0.07602781802415848, 0.026058033108711243], "std": [0.3248990774154663, 0.3248990774154663, 0.3248990774154663, 0.0051240380853414536, 0.3248990774154663, 0.08188445121049881, 0.0048322295770049095, 0.3248990774154663, 0.0729360356926918, 0.009871583431959152, 0.3248990774154663, 0.09217992424964905, 0.30003198981285095, 0.3248990774154663, 0.32517027854919434, 0.17174434661865234, 0.3232608139514923, 0.30667755007743835, 0.01542351022362709, 0.3232608139514923, 0.11538691818714142, 0.06508618593215942, 0.3248990774154663, 0.21416692435741425, 0.05731193721294403, 0.3248990774154663, 0.1894044429063797, 0.11416743695735931, 0.4156184494495392, 0.23336178064346313, 0.13181594014167786, 0.4156184494495392, 0.24620254337787628, 0.24707958102226257, 0.4156184494495392, 0.3500276207923889, 0.5776876211166382, 0.47521573305130005, 0.5209217667579651, 0.5657250881195068, 0.6104643940925598, 0.5871906876564026, 0.5770085453987122, 0.6267905831336975, 0.44414907693862915, 0.48449745774269104, 0.6511648893356323, 0.5172232389450073, 0.13874301314353943, 0.22426243126392365, 0.07228881865739822], "count": 2049.0}