{"mean": [0.8633477091789246, 0.13665185868740082, 0.8633477091789246, 0.0037626014091074467, 0.13665185868740082, 0.1016458198428154, 0.0032083913683891296, 0.13665185868740082, 0.09403032064437866, 0.00787641853094101, 0.13665185868740082, 0.09042090177536011, 0.6048946976661682, 0.13665185868740082, 0.7026886343955994, 0.10163146257400513, 0.1419873982667923, 0.3138660788536072, 0.012330152094364166, 0.1419873982667923, 0.13843894004821777, 0.056644096970558167, 0.13665185868740082, 0.24633705615997314, 0.060913071036338806, 0.13665185868740082, 0.40457722544670105, 0.10784006118774414, 0.3840175271034241, 0.3622072637081146, 0.12789152562618256, 0.3840175271034241, 0.377054899930954, 0.18291723728179932, 0.3840175271034241, 0.48953598737716675, -0.5909123420715332, -0.8931188583374023, -0.915080726146698, -0.9062952399253845, -0.8638358116149902, -0.9443634748458862, -0.8140568137168884, -0.9311851263046265, -0.9209375381469727, -0.885797381401062, -0.8594441413879395, -0.9326505064964294, 0.04369882121682167, 0.06946492940187454, 0.02138352394104004], "std": [0.3425961136817932, 0.3425961136817932, 0.3425961136817932, 0.006921542342752218, 0.3425961136817932, 0.08484582602977753, 0.006576854269951582, 0.3425961136817932, 0.07517669349908829, 0.011563871055841446, 0.3425961136817932, 0.09324720501899719, 0.31474968791007996, 0.3425961136817932, 0.34118348360061646, 0.17374219000339508, 0.34063756465911865, 0.310612291097641, 0.015451689250767231, 0.34063756465911865, 0.11887385696172714, 0.06549862772226334, 0.3425961136817932, 0.21258382499217987, 0.061667755246162415, 0.3425961136817932, 0.19705161452293396, 0.11201643943786621, 0.41906264424324036, 0.23383426666259766, 0.12801991403102875, 0.41906264424324036, 0.24651822447776794, 0.23072849214076996, 0.41906264424324036, 0.3451535701751709, 0.5730026364326477, 0.5554028749465942, 0.49684572219848633, 0.5214131474494934, 0.6226872205734253, 0.40414318442344666, 0.7219906449317932, 0.4485233724117279, 0.4803190231323242, 0.5734733939170837, 0.6326521635055542, 0.4440416395664215, 0.15720611810684204, 0.21298544108867645, 0.06639981269836426], "count": 2049.0}