{"mean": [0.9785254597663879, 0.021473893895745277, 0.9785254597663879, 0.004708576947450638, 0.021473893895745277, 0.11029519140720367, 0.0038523515686392784, 0.021473893895745277, 0.10385552048683167, 0.011005265638232231, 0.021473893895745277, 0.12469456344842911, 0.6085721850395203, 0.021473893895745277, 0.7565169930458069, 0.06583062559366226, 0.030369294807314873, 0.2514491677284241, 0.03595180809497833, 0.030369294807314873, 0.23359525203704834, 0.07315481454133987, 0.021473893895745277, 0.3285408616065979, 0.09019581973552704, 0.021473893895745277, 0.48700597882270813, 0.15561607480049133, 0.2600920498371124, 0.44968757033348083, 0.10469361394643784, 0.2600920498371124, 0.3711036145687103, 0.23613505065441132, 0.2600920498371124, 0.556806206703186, -0.2202199250459671, -1.0, -1.0, -1.0, -1.0, -1.0, -0.7935579419136047, -1.0, -0.812591552734375, -0.8345534205436707, -1.0, 0.39970701932907104, 0.03928806260228157, 0.12821300327777863, 0.039953164756298065], "std": [0.14478132128715515, 0.14478114247322083, 0.14478132128715515, 0.00530930096283555, 0.14478114247322083, 0.09532387554645538, 0.004474045243114233, 0.14478114247322083, 0.07341985404491425, 0.01052730344235897, 0.14478114247322083, 0.09068072587251663, 0.21748419106006622, 0.14478114247322083, 0.23508290946483612, 0.14135217666625977, 0.14408956468105316, 0.27195894718170166, 0.06524232774972916, 0.14408956468105316, 0.21479842066764832, 0.06661998480558395, 0.14478114247322083, 0.20382510125637054, 0.058091647922992706, 0.14478114247322083, 0.14615684747695923, 0.1499946117401123, 0.3146645128726959, 0.2136898785829544, 0.11282116919755936, 0.3146645128726959, 0.23359569907188416, 0.28862178325653076, 0.3146645128726959, 0.31624341011047363, 0.718967616558075, 0.003201547311618924, 0.003201547311618924, 0.003201547311618924, 0.003201547311618924, 0.003201547311618924, 0.7581362724304199, 0.003201547311618924, 0.7240803241729736, 0.6837835311889648, 0.003201547311618924, 1.4942952394485474, 0.09502698481082916, 0.24608954787254333, 0.09027358889579773], "count": 2049.0}