{"mean": [1.0, 0.0, 1.0, 0.0041360389441251755, 0.0, 0.1288435161113739, 0.003464160254225135, 0.0, 0.11940599977970123, 0.009228745475411415, 0.0, 0.12023066729307175, 0.7051661014556885, 0.0, 0.8181138634681702, 0.11968442797660828, 0.0, 0.3772715628147125, 0.01344565860927105, 0.0, 0.16734032332897186, 0.06964166462421417, 0.0, 0.30812788009643555, 0.06472011655569077, 0.0, 0.4715535044670105, 0.07808222621679306, 0.0, 0.31823161244392395, 0.08795452117919922, 0.0, 0.3108956217765808, 0.1276398003101349, 0.0, 0.35545095801353455, -0.26711130142211914, -0.694710910320282, -0.69395512342453, -0.7468522787094116, -0.5722914338111877, -0.7453396916389465, -0.6705299615859985, -0.6848869323730469, -0.7672550082206726, -0.7831256985664368, -0.6720413565635681, -0.6795963048934937, 0.046498704701662064, 0.2216382771730423, 0.04056341201066971], "std": [0.004455944988876581, 0.004455944988876581, 0.004455944988876581, 0.005844923667609692, 0.004455944988876581, 0.07275025546550751, 0.005355765577405691, 0.004455944988876581, 0.061839982867240906, 0.009285682812333107, 0.004455944988876581, 0.0914568081498146, 0.17676790058612823, 0.004455944988876581, 0.1591975837945938, 0.18234090507030487, 0.004455944988876581, 0.29976680874824524, 0.01103912852704525, 0.004455944988876581, 0.10379339754581451, 0.06361060589551926, 0.004455944988876581, 0.1981300711631775, 0.05582772195339203, 0.004455944988876581, 0.1116332933306694, 0.1035962700843811, 0.004455944988876581, 0.21401168406009674, 0.11943661421537399, 0.004455944988876581, 0.207195445895195, 0.20853117108345032, 0.004455944988876581, 0.31262803077697754, 0.6141887307167053, 0.9059648513793945, 0.9072074294090271, 0.8332157731056213, 1.0479958057403564, 0.8357865214347839, 0.937298059463501, 0.9190698266029358, 0.8021066784858704, 0.7764505743980408, 0.9352932572364807, 0.9259499311447144, 0.11780388653278351, 0.3595288395881653, 0.0842522531747818], "count": 3970.0}