{"mean": [0.9973868131637573, 0.002614576369524002, 0.9973599910736084, 0.005714979954063892, 0.002614576369524002, 0.10990361124277115, 0.00412982702255249, 0.002614576369524002, 0.09074578434228897, 0.01109815388917923, 0.002614576369524002, 0.10277552157640457, 0.7451602816581726, 0.002614576369524002, 0.8448185920715332, 0.1192413717508316, 0.002614576369524002, 0.3551086187362671, 0.013277466408908367, 0.002614576369524002, 0.12608803808689117, 0.06816061586141586, 0.002614576369524002, 0.26184654235839844, 0.08119481056928635, 0.002614576369524002, 0.4672490656375885, 0.08494071662425995, 0.002614576369524002, 0.3096049129962921, 0.10913398116827011, 0.002614576369524002, 0.32610923051834106, 0.177717924118042, 0.002614576369524002, 0.39086413383483887, -0.028197716921567917, -0.05784215033054352, -0.11940652132034302, -0.1481887251138687, -0.9826881885528564, -0.4309351444244385, -0.35824277997016907, -0.8215711116790771, -0.9635590314865112, -0.5728545188903809, -0.5581660270690918, -0.7609351873397827, 0.1561935991048813, 0.038539838045835495, 0.12453630566596985], "std": [0.05548657849431038, 0.05548139661550522, 0.055948901921510696, 0.026072489097714424, 0.05548139661550522, 0.07135866582393646, 0.02556687220931053, 0.05548139661550522, 0.07344987988471985, 0.02781263366341591, 0.05548139661550522, 0.10115855932235718, 0.19731397926807404, 0.05548139661550522, 0.1844896376132965, 0.18816804885864258, 0.05548139661550522, 0.307878315448761, 0.03356394171714783, 0.05548139661550522, 0.1134972870349884, 0.07638277858495712, 0.05548139661550522, 0.2110898345708847, 0.09158065170049667, 0.05548139661550522, 0.13432519137859344, 0.11486627161502838, 0.05548139661550522, 0.2570238709449768, 0.14122633635997772, 0.05548139661550522, 0.23752477765083313, 0.27130988240242004, 0.05548139661550522, 0.3499634861946106, 0.5894838571548462, 1.3923765420913696, 1.366084098815918, 1.3526691198349, 0.22781912982463837, 1.1761876344680786, 1.2301445007324219, 0.7093870043754578, 0.3294128179550171, 1.0482782125473022, 1.0631412267684937, 0.812377393245697, 0.1973612755537033, 0.12929418683052063, 0.13770824670791626], "count": 96000.0}