{"mean": [0.9317768216133118, 0.06819649040699005, 0.9250896573066711, 0.02389547787606716, 0.06819649040699005, 0.030744686722755432, 0.023690856993198395, 0.06819649040699005, 0.03404686599969864, 0.02603035792708397, 0.06819649040699005, 0.030733807012438774, 0.7490807771682739, 0.06819649040699005, 0.7831166982650757, 0.1328803300857544, 0.06819649040699005, 0.25752973556518555, 0.029663942754268646, 0.06819649040699005, 0.05856103077530861, 0.059616945683956146, 0.06819649040699005, 0.13227243721485138, 0.10592125356197357, 0.06819649040699005, 0.40903982520103455, 0.07591035962104797, 0.06819649040699005, 0.1337711066007614, 0.15778885781764984, 0.06819649040699005, 0.2529214918613434, 0.2262755185365677, 0.06819649040699005, 0.3068154752254486, -0.6711438894271851, -0.8975122570991516, -0.9180834293365479, -0.9573456645011902, -0.9224986433982849, -0.9336018562316895, -0.9551718235015869, -0.8865992426872253, -0.7023207545280457, -0.9333845376968384, -0.8783189058303833, -0.8959686160087585, 0.07020430266857147, 0.06743945181369781, 0.011433910578489304], "std": [0.2527930736541748, 0.2527930736541748, 0.26390859484672546, 0.10599499195814133, 0.2527930736541748, 0.07154180854558945, 0.1066066175699234, 0.2527930736541748, 0.07220019400119781, 0.1059156060218811, 0.2527930736541748, 0.0701766163110733, 0.3550013601779938, 0.2527930736541748, 0.3554408848285675, 0.21337002515792847, 0.2527930736541748, 0.3593286871910095, 0.11125577986240387, 0.2527930736541748, 0.11925419420003891, 0.12786386907100677, 0.2527930736541748, 0.17398709058761597, 0.15959760546684265, 0.2527930736541748, 0.2234347015619278, 0.164296492934227, 0.2527930736541748, 0.22735412418842316, 0.29014334082603455, 0.2527930736541748, 0.3418041467666626, 0.37070608139038086, 0.2527930736541748, 0.38362783193588257, 0.5282249450683594, 0.5447916388511658, 0.48892277479171753, 0.35592159628868103, 0.4760197103023529, 0.4416644871234894, 0.3646070063114166, 0.5720899105072021, 0.8967994451522827, 0.44236883521080017, 0.5918508768081665, 0.5488534569740295, 0.23552362620830536, 0.23015931248664856, 0.061299245804548264], "count": 96000.0}