{"mean": [0.8418747782707214, 0.15812602639198303, 0.8418747782707214, 0.004309819079935551, 0.15812602639198303, 0.09885796904563904, 0.003719762433320284, 0.15812602639198303, 0.08988743275403976, 0.008804362267255783, 0.15812602639198303, 0.0877474769949913, 0.5762196183204651, 0.15812602639198303, 0.673518180847168, 0.08093534409999847, 0.1628003716468811, 0.266975462436676, 0.011967380531132221, 0.1628003716468811, 0.13167715072631836, 0.05727972090244293, 0.15812602639198303, 0.23885342478752136, 0.06065894663333893, 0.15812602639198303, 0.382487416267395, 0.1050601601600647, 0.3586166799068451, 0.35247430205345154, 0.1276300698518753, 0.3586166799068451, 0.3608382046222687, 0.19481360912322998, 0.3586166799068451, 0.4700009524822235, -0.6378453969955444, -0.9443631172180176, -0.9033676385879517, -0.8784770965576172, -0.9560759663581848, -0.9136167168617249, -0.8740850687026978, -0.9121522903442383, -0.9019036293029785, -0.8887264728546143, -0.9121516346931458, -0.9165446758270264, 0.03789207711815834, 0.05228440463542938, 0.023512165993452072], "std": [0.36420100927352905, 0.36420145630836487, 0.36420100927352905, 0.014291564002633095, 0.36420145630836487, 0.08423180133104324, 0.014115291647613049, 0.36420145630836487, 0.07582909613847733, 0.015433935448527336, 0.36420145630836487, 0.09345763921737671, 0.322163850069046, 0.36420145630836487, 0.3547019958496094, 0.15948820114135742, 0.3623100221157074, 0.29303592443466187, 0.022290272638201714, 0.3623100221157074, 0.12206882983446121, 0.06809579581022263, 0.36420145630836487, 0.21745815873146057, 0.06246490776538849, 0.36420145630836487, 0.2044760137796402, 0.11461351811885834, 0.4209551215171814, 0.2493312954902649, 0.13842016458511353, 0.4209551215171814, 0.2595362663269043, 0.25644490122795105, 0.4209551215171814, 0.3614211082458496, 0.5645946264266968, 0.40366414189338684, 0.528580367565155, 0.5902644991874695, 0.36007022857666016, 0.5013939142227173, 0.6010058522224426, 0.5053182244300842, 0.5330865979194641, 0.5660656094551086, 0.5049040913581848, 0.4927007853984833, 0.13636770844459534, 0.1876887083053589, 0.06856683641672134], "count": 2049.0}