{"mean": [0.8647305965423584, 0.1352691501379013, 0.8647305965423584, 0.024314308539032936, 0.1352691501379013, 0.038977984338998795, 0.024314308539032936, 0.1352691501379013, 0.038977984338998795, 0.014590696431696415, 0.1352691501379013, 0.04001593962311745, 0.7373569011688232, 0.1352691501379013, 0.8114194869995117, 0.28674572706222534, 0.18143925070762634, 0.5649541020393372, 0.048722125589847565, 0.18143925070762634, 0.16200889647006989, 0.026943769305944443, 0.1352691501379013, 0.15481671690940857, 0.061763111501932144, 0.1352691501379013, 0.4816284477710724, 0.13151808083057404, 0.8377866148948669, 0.367464154958725, 0.17219486832618713, 0.8377866148948669, 0.4277903735637665, 0.22223390638828278, 0.8377866148948669, 0.627662181854248, -0.24787940084934235, -0.9989931583404541, -0.9734027981758118, -0.8623716235160828, -0.5219621658325195, -0.13372407853603363, -0.0034163477830588818, -0.2315763384103775, -0.7115669250488281, -0.959004819393158, -0.9924335479736328, -1.0, 0.05620598420500755, 0.18421341478824615, 0.026972690597176552], "std": [0.3419085443019867, 0.3419085443019867, 0.3419085443019867, 0.10429462790489197, 0.3419085443019867, 0.10020799189805984, 0.10429462790489197, 0.3419085443019867, 0.10020799189805984, 0.05847762152552605, 0.3419085443019867, 0.03748493641614914, 0.3353866934776306, 0.3419085443019867, 0.34039923548698425, 0.20808002352714539, 0.38399603962898254, 0.41213247179985046, 0.08632804453372955, 0.38399603962898254, 0.2625303864479065, 0.10548312962055206, 0.3419085443019867, 0.10269441455602646, 0.1217108964920044, 0.3419085443019867, 0.2009052336215973, 0.11876494437456131, 0.2067304253578186, 0.27678626775741577, 0.1395038664340973, 0.2067304253578186, 0.30145731568336487, 0.13205422461032867, 0.2067304253578186, 0.3191455900669098, 0.5574513077735901, 0.05409951135516167, 0.2811795175075531, 0.627484917640686, 1.097721815109253, 1.3590723276138306, 1.4125723838806152, 1.3091742992401123, 0.8842425346374512, 0.348241925239563, 0.15044637024402618, 0.0, 0.1981341391801834, 0.3083897829055786, 0.07896214723587036], "count": 12294.0}