{"mean": [0.6768767833709717, 0.32312649488449097, 0.6762610077857971, 0.012377550825476646, 0.32312649488449097, 0.033567771315574646, 0.012588570825755596, 0.32312649488449097, 0.03550296649336815, 0.0129855303093791, 0.32312649488449097, 0.023502971976995468, 0.5478942394256592, 0.32312649488449097, 0.5921468734741211, 0.04094158858060837, 0.32312649488449097, 0.12043333798646927, 0.034929171204566956, 0.32312649488449097, 0.09714408963918686, 0.033320121467113495, 0.32312649488449097, 0.10314685106277466, 0.10109609365463257, 0.32312649488449097, 0.34395691752433777, 0.08063243329524994, 0.32312649488449097, 0.18038798868656158, 0.06890649348497391, 0.32312649488449097, 0.1717074066400528, 0.15665577352046967, 0.32312649488449097, 0.26581647992134094, -0.11113831400871277, 0.6494685411453247, -0.13078179955482483, -0.24072124063968658, -0.7345613241195679, -0.3991556167602539, -0.2728419899940491, 0.2851885259151459, -0.2431558072566986, -0.3246596157550812, -0.743592381477356, -0.779604971408844, 0.16613450646400452, 0.07207184284925461, 0.09015889465808868], "std": [0.46843796968460083, 0.46843796968460083, 0.46867015957832336, 0.06119750067591667, 0.46843796968460083, 0.07234880328178406, 0.05832158401608467, 0.46843796968460083, 0.07305964827537537, 0.058422062546014786, 0.46843796968460083, 0.06499961763620377, 0.43484729528427124, 0.46843796968460083, 0.4535443186759949, 0.11353203654289246, 0.46843796968460083, 0.21450279653072357, 0.09969761222600937, 0.46843796968460083, 0.20465010404586792, 0.07397951930761337, 0.46843796968460083, 0.15537665784358978, 0.1334468126296997, 0.46843796968460083, 0.27159005403518677, 0.17872333526611328, 0.46843796968460083, 0.29072824120521545, 0.12858618795871735, 0.46843796968460083, 0.2321666032075882, 0.3001846969127655, 0.46843796968460083, 0.34796807169914246, 0.5101264119148254, 1.4926047325134277, 1.3609408140182495, 1.3044099807739258, 0.8518791794776917, 1.2004441022872925, 1.2856066226959229, 1.4844661951065063, 1.3029980659484863, 1.2530137300491333, 0.8386855125427246, 0.7827339768409729, 0.27907705307006836, 0.2103763222694397, 0.16130384802818298], "count": 96000.0}