{"mean": [0.715886652469635, 0.28411298990249634, 0.715886652469635, 0.0049667456187307835, 0.28411298990249634, 0.0522148422896862, 0.005505953915417194, 0.28411298990249634, 0.06940994411706924, 0.008805624209344387, 0.28411298990249634, 0.06065304949879646, 0.4551270306110382, 0.28411298990249634, 0.5555515289306641, 0.06576123088598251, 0.28638771176338196, 0.18651720881462097, 0.011081230826675892, 0.28638771176338196, 0.09391780197620392, 0.04717329144477844, 0.28411298990249634, 0.17909593880176544, 0.051066480576992035, 0.28411298990249634, 0.29893288016319275, 0.08906528353691101, 0.4304659366607666, 0.23472008109092712, 0.1198769360780716, 0.4304659366607666, 0.34073445200920105, 0.24577267467975616, 0.4304659366607666, 0.4277248680591583, -0.9164495468139648, -0.9883037209510803, -0.9751465320587158, -0.9722222089767456, -0.9853799939155579, -0.9692988991737366, -0.9824561476707458, -0.9839176535606384, -0.9853798151016235, -0.9853799939155579, -0.9678361415863037, -0.9839178919792175, 0.012119396589696407, 0.010639107786118984, 0.004708528984338045], "std": [0.4505172371864319, 0.45051729679107666, 0.4505172371864319, 0.034773483872413635, 0.45051729679107666, 0.0805419534444809, 0.04250507056713104, 0.45051729679107666, 0.08194448798894882, 0.025927335023880005, 0.45051729679107666, 0.08175639808177948, 0.3638496696949005, 0.45051729679107666, 0.4168983995914459, 0.15028613805770874, 0.44914481043815613, 0.2910078167915344, 0.04702550545334816, 0.44914481043815613, 0.12079780548810959, 0.06963611394166946, 0.45051729679107666, 0.21306176483631134, 0.0702657699584961, 0.45051729679107666, 0.23625034093856812, 0.14505507051944733, 0.4615970551967621, 0.2611795961856842, 0.1458985060453415, 0.4615970551967621, 0.3205341398715973, 0.35091432929039, 0.4615970551967621, 0.4030061960220337, 0.3062869608402252, 0.18537384271621704, 0.26915183663368225, 0.28603819012641907, 0.2085386961698532, 0.30081555247306824, 0.22836415469646454, 0.21855327486991882, 0.20857009291648865, 0.20839235186576843, 0.3070467710494995, 0.21803303062915802, 0.08938830345869064, 0.08745113760232925, 0.03447001799941063], "count": 2052.0}