{"mean": [0.8404104113578796, 0.15958990156650543, 0.8399221301078796, 0.004663024563342333, 0.15958990156650543, 0.09562426060438156, 0.003990608733147383, 0.15958990156650543, 0.09048271179199219, 0.00832348968833685, 0.15958990156650543, 0.07980214059352875, 0.6006812453269958, 0.15958990156650543, 0.6965109705924988, 0.08999892324209213, 0.1638018637895584, 0.280653715133667, 0.011975480243563652, 0.1638018637895584, 0.1282455176115036, 0.05176617205142975, 0.15958990156650543, 0.21893756091594696, 0.057961657643318176, 0.15958990156650543, 0.3760620355606079, 0.11731288582086563, 0.3731023073196411, 0.3669654428958893, 0.1389990597963333, 0.3731023073196411, 0.3858940601348877, 0.21471548080444336, 0.3731023073196411, 0.503014862537384, -0.6204983592033386, -0.9136160612106323, -0.879940927028656, -0.9165444374084473, -0.9194725155830383, -0.9180086851119995, -0.9136166572570801, -0.8887264132499695, -0.9019031524658203, -0.9355788826942444, -0.8213760852813721, -0.9253299236297607, 0.04208223521709442, 0.07206461578607559, 0.021314574405550957], "std": [0.3655610978603363, 0.3655610978603363, 0.3660137951374054, 0.032908033579587936, 0.3655610978603363, 0.08455558866262436, 0.02492417022585869, 0.3655610978603363, 0.07352614402770996, 0.027546990662813187, 0.3655610978603363, 0.09076161682605743, 0.324244886636734, 0.3655610978603363, 0.35576626658439636, 0.16866159439086914, 0.36384764313697815, 0.30326390266418457, 0.02965296246111393, 0.36384764313697815, 0.11609203368425369, 0.0690443217754364, 0.3655610978603363, 0.21188963949680328, 0.06459032744169235, 0.3655610978603363, 0.20411939918994904, 0.12345463782548904, 0.4274750053882599, 0.25288891792297363, 0.13899505138397217, 0.4274750053882599, 0.26157256960868835, 0.261025607585907, 0.4274750053882599, 0.3632826507091522, 0.5567886829376221, 0.501072347164154, 0.5864474773406982, 0.49275246262550354, 0.48443904519081116, 0.4887904226779938, 0.501281201839447, 0.566446840763092, 0.5331437587738037, 0.43448588252067566, 0.7083451747894287, 0.4670674502849579, 0.14798901975154877, 0.22437824308872223, 0.0669296458363533], "count": 2049.0}