{"mean": [0.8422841429710388, 0.15771803259849548, 0.8411613702774048, 0.05509599670767784, 0.15771803259849548, 0.030464673414826393, 0.05850791931152344, 0.15771803259849548, 0.03964974358677864, 0.07483232766389847, 0.15771803259849548, 0.05487223342061043, 0.6707932353019714, 0.15771803259849548, 0.6998447775840759, 0.08077441155910492, 0.15771803259849548, 0.09288784116506577, 0.08192626386880875, 0.15771803259849548, 0.1007324680685997, 0.12450581789016724, 0.15771803259849548, 0.14563511312007904, 0.17569412291049957, 0.15771803259849548, 0.37647756934165955, 0.13517948985099792, 0.15771803259849548, 0.17456309497356415, 0.09989282488822937, 0.15771803259849548, 0.1412273347377777, 0.1883329451084137, 0.15771803259849548, 0.2306850105524063, -0.1146879643201828, 0.08800051361322403, -0.13743837177753448, -0.40444114804267883, -0.7666592597961426, -0.3583381772041321, -0.622778058052063, 0.3286876082420349, 0.15146894752979279, -0.14484670758247375, -0.3418436348438263, -0.4995940029621124, 0.17709551751613617, 0.20868434011936188, 0.09038914740085602], "std": [0.36544474959373474, 0.36544474959373474, 0.3665167987346649, 0.10949195921421051, 0.36544474959373474, 0.07274310290813446, 0.11994810402393341, 0.36544474959373474, 0.09224417805671692, 0.14968909323215485, 0.36544474959373474, 0.11654160916805267, 0.3836521804332733, 0.36544474959373474, 0.40520673990249634, 0.1384478062391281, 0.36544474959373474, 0.21253889799118042, 0.1408413052558899, 0.36544474959373474, 0.21101297438144684, 0.2050749510526657, 0.36544474959373474, 0.17606471478939056, 0.19560295343399048, 0.36544474959373474, 0.25592130422592163, 0.1984536200761795, 0.36544474959373474, 0.26947203278541565, 0.14463990926742554, 0.36544474959373474, 0.23699158430099487, 0.2902860641479492, 0.36544474959373474, 0.3390621244907379, 0.5456493496894836, 1.4423044919967651, 1.3579566478729248, 1.1967209577560425, 0.8034126162528992, 1.2300790548324585, 0.9946271777153015, 1.490087628364563, 1.458902359008789, 1.3542989492416382, 1.2413796186447144, 1.1185221672058105, 0.25778549909591675, 0.31854677200317383, 0.14370307326316833], "count": 96000.0}