{"mean": [0.8713446855545044, 0.12865503132343292, 0.8693957924842834, 0.005992084741592407, 0.12865503132343292, 0.10217572748661041, 0.005224759224802256, 0.12865503132343292, 0.09160520881414413, 0.010881335474550724, 0.12865503132343292, 0.09712979197502136, 0.5974245667457581, 0.12865503132343292, 0.6929231286048889, 0.09299507737159729, 0.13380934298038483, 0.293712854385376, 0.012924338690936565, 0.13380934298038483, 0.13203440606594086, 0.06353413313627243, 0.12865503132343292, 0.26005586981773376, 0.06577278673648834, 0.12865503132343292, 0.4054030776023865, 0.10125155746936798, 0.3538314998149872, 0.3450101912021637, 0.12825629115104675, 0.3538314998149872, 0.37185317277908325, 0.18759110569953918, 0.3538314998149872, 0.47290730476379395, -0.6181252002716064, -0.8771927356719971, -0.9356725215911865, -0.9122806787490845, -0.9473687410354614, -0.9298246502876282, -0.8362575769424438, -0.9356725215911865, -0.8713451027870178, -0.9239768981933594, -0.906432569026947, -0.9122809767723083, 0.06025313958525658, 0.059634577482938766, 0.018939975649118423], "std": [0.332376629114151, 0.332376629114151, 0.3343777358531952, 0.04241408035159111, 0.332376629114151, 0.0831986665725708, 0.04235094413161278, 0.332376629114151, 0.07501417398452759, 0.04325675964355469, 0.332376629114151, 0.0936778336763382, 0.3065953552722931, 0.332376629114151, 0.33365190029144287, 0.17051687836647034, 0.3305560052394867, 0.2998661994934082, 0.04331212863326073, 0.3305560052394867, 0.11586149781942368, 0.07765151560306549, 0.332376629114151, 0.21555988490581512, 0.07419199496507645, 0.332376629114151, 0.19346055388450623, 0.11697013676166534, 0.4099615514278412, 0.23432868719100952, 0.13869896531105042, 0.4099615514278412, 0.2506217658519745, 0.2488880753517151, 0.4099615514278412, 0.34775224328041077, 0.5605819225311279, 0.5931371450424194, 0.4315122067928314, 0.5043038129806519, 0.3927690088748932, 0.4526846408843994, 0.6800262331962585, 0.4334433674812317, 0.6067761778831482, 0.46974271535873413, 0.5172935724258423, 0.5034950375556946, 0.19541722536087036, 0.19266411662101746, 0.06012619659304619], "count": 513.0}