{"mean": [0.7807016372680664, 0.21929822862148285, 0.7787522673606873, 0.009925847873091698, 0.21929822862148285, 0.08237787336111069, 0.009332706220448017, 0.21929822862148285, 0.06941249221563339, 0.01234523206949234, 0.21929822862148285, 0.07247975468635559, 0.5327315926551819, 0.21929822862148285, 0.6121946573257446, 0.08960448950529099, 0.22280696034431458, 0.2539982497692108, 0.01627408154308796, 0.22280696034431458, 0.10615777224302292, 0.05552886798977852, 0.21929822862148285, 0.2096674144268036, 0.05965606868267059, 0.21929822862148285, 0.3499319553375244, 0.09398340433835983, 0.41289404034614563, 0.30240675806999207, 0.1189572885632515, 0.41289404034614563, 0.31453943252563477, 0.19976383447647095, 0.41289404034614563, 0.43979036808013916, -0.8518919348716736, -0.9649121761322021, -0.9736843109130859, -0.9590650200843811, -0.9707600474357605, -0.9415205121040344, -0.9736843705177307, -0.9853799343109131, -0.9473680257797241, -0.9502924084663391, -0.985380232334137, -0.9707599878311157, 0.02139851078391075, 0.024945516139268875, 0.009153874590992928], "std": [0.41273003816604614, 0.41273003816604614, 0.41404789686203003, 0.06824015825986862, 0.41273003816604614, 0.09218424558639526, 0.07290492951869965, 0.41273003816604614, 0.08974137157201767, 0.05303708463907242, 0.41273003816604614, 0.088109090924263, 0.36054497957229614, 0.41273003816604614, 0.3972989320755005, 0.1741994172334671, 0.41095927357673645, 0.3065977394580841, 0.07368285953998566, 0.41095927357673645, 0.12740454077720642, 0.08247649669647217, 0.41273003816604614, 0.2160491943359375, 0.08087879419326782, 0.41273003816604614, 0.22556333243846893, 0.1212846115231514, 0.4456411600112915, 0.269016832113266, 0.14732390642166138, 0.4456411600112915, 0.28339874744415283, 0.27974218130111694, 0.4456411600112915, 0.37285855412483215, 0.4052468240261078, 0.3218134045600891, 0.2782953977584839, 0.3473871648311615, 0.29403528571128845, 0.4140668213367462, 0.27930495142936707, 0.20860737562179565, 0.3929555118083954, 0.3807917535305023, 0.2084275186061859, 0.2940810024738312, 0.11516159772872925, 0.13888299465179443, 0.048163577914237976], "count": 1026.0}