{"mean": [0.9832197427749634, 0.016770735383033752, 0.9831985235214233, 0.004170508123934269, 0.016770735383033752, 0.11920337378978729, 0.0033935264218598604, 0.016770735383033752, 0.10818938910961151, 0.008976790122687817, 0.016770735383033752, 0.10521164536476135, 0.7050614356994629, 0.016770735383033752, 0.816846489906311, 0.11124861985445023, 0.022370655089616776, 0.3499937355518341, 0.013701492920517921, 0.022370655089616776, 0.15581436455249786, 0.06377191841602325, 0.016770735383033752, 0.2753053903579712, 0.0672580674290657, 0.016770735383033752, 0.45363935828208923, 0.12567377090454102, 0.28970661759376526, 0.42557573318481445, 0.15419603884220123, 0.28970661759376526, 0.44412732124328613, 0.22050267457962036, 0.28970661759376526, 0.5666264295578003, -0.36479583382606506, -0.9670059680938721, -0.590011715888977, -0.8082814812660217, -0.9909604787826538, -0.6792473793029785, -0.6721315979957581, -0.9812584519386292, -0.9879903197288513, -0.8141310214996338, -0.8737459182739258, -0.8509259223937988, 0.12089499086141586, 0.034300655126571655, 0.06281338632106781], "std": [0.12923432886600494, 0.12923432886600494, 0.1293104737997055, 0.018687745556235313, 0.12923432886600494, 0.07744012027978897, 0.01755245216190815, 0.12923432886600494, 0.06948134303092957, 0.01943623647093773, 0.12923432886600494, 0.09492125362157822, 0.20997558534145355, 0.12923432886600494, 0.20455990731716156, 0.18037062883377075, 0.12895017862319946, 0.3032158613204956, 0.02596060000360012, 0.12895017862319946, 0.11638978868722916, 0.06812471151351929, 0.12923432886600494, 0.2073654681444168, 0.06232082471251488, 0.12923432886600494, 0.1372801810503006, 0.11191204190254211, 0.37310463190078735, 0.20319607853889465, 0.1334436982870102, 0.37310463190078735, 0.206712007522583, 0.2437836080789566, 0.37310463190078735, 0.3164595365524292, 0.6523122191429138, 0.3132748305797577, 1.0304704904556274, 0.7336849570274353, 0.1647895723581314, 0.9270116090774536, 0.9359956979751587, 0.23682263493537903, 0.18996186554431915, 0.7232256531715393, 0.6023178100585938, 0.6518948674201965, 0.23150505125522614, 0.1174861267209053, 0.10745232552289963], "count": 48000.0}