{"mean": [0.7228690385818481, 0.2771318852901459, 0.7214853763580322, 0.005924636498093605, 0.2771318852901459, 0.07353740185499191, 0.0064840796403586864, 0.2771318852901459, 0.06963224709033966, 0.009926828555762768, 0.2771318852901459, 0.07010959088802338, 0.49344402551651, 0.2771318852901459, 0.5707833170890808, 0.08034073561429977, 0.28047847747802734, 0.23428772389888763, 0.014385183341801167, 0.28047847747802734, 0.10590462386608124, 0.05006762593984604, 0.2771318852901459, 0.1987656205892563, 0.054676324129104614, 0.2771318852901459, 0.3289274275302887, 0.0880572572350502, 0.4638562500476837, 0.28201645612716675, 0.11374557763338089, 0.4638562500476837, 0.30721211433410645, 0.1792125105857849, 0.4638562500476837, 0.4048895835876465, -0.7636117339134216, -0.9476746916770935, -0.92109614610672, -0.9509966969490051, -0.9468438029289246, -0.925249457359314, -0.9210960268974304, -0.9102983474731445, -0.9609634876251221, -0.9451826810836792, -0.9418599605560303, -0.950996458530426, 0.02761397697031498, 0.03516356274485588, 0.013803950510919094], "std": [0.44721850752830505, 0.44721752405166626, 0.4479053020477295, 0.04314121976494789, 0.44721752405166626, 0.08344337344169617, 0.05643586441874504, 0.44721752405166626, 0.08437889814376831, 0.04336640611290932, 0.44721752405166626, 0.08827086538076401, 0.3713715672492981, 0.44721752405166626, 0.41378116607666016, 0.16344866156578064, 0.44522812962532043, 0.3032924234867096, 0.06055247411131859, 0.44522812962532043, 0.13247430324554443, 0.07701028883457184, 0.44721752405166626, 0.21258880198001862, 0.0761418491601944, 0.44721752405166626, 0.23463402688503265, 0.12006483972072601, 0.4528447091579437, 0.26691094040870667, 0.14522430300712585, 0.4528447091579437, 0.2818588614463806, 0.2671607732772827, 0.4528447091579437, 0.37816381454467773, 0.4842897951602936, 0.3921489715576172, 0.4787822961807251, 0.3798513412475586, 0.3951863646507263, 0.4671482741832733, 0.4794808626174927, 0.5105375647544861, 0.339715838432312, 0.40103983879089355, 0.41289767622947693, 0.3798215091228485, 0.12389819324016571, 0.15282870829105377, 0.054815031588077545], "count": 3612.0}