{"mean": [0.8726208209991455, 0.1273794174194336, 0.8726208209991455, 0.003984247799962759, 0.1273794174194336, 0.10375408083200455, 0.0032345701474696398, 0.1273794174194336, 0.09658267349004745, 0.007960927672684193, 0.1273794174194336, 0.09014255553483963, 0.6056343913078308, 0.1273794174194336, 0.7086576819419861, 0.08619345724582672, 0.1323184221982956, 0.28293338418006897, 0.01246486883610487, 0.1323184221982956, 0.1394207924604416, 0.05613814666867256, 0.1273794174194336, 0.24340210855007172, 0.05933379381895065, 0.1273794174194336, 0.3935878276824951, 0.11506278812885284, 0.34261631965637207, 0.37372735142707825, 0.13304325938224792, 0.34261631965637207, 0.3836962580680847, 0.2071235626935959, 0.34261631965637207, 0.49655798077583313, -0.5263702869415283, -0.8550507426261902, -0.8623716235160828, -0.8638359308242798, -0.8726206421852112, -0.884333074092865, -0.9209373593330383, -0.8579802513122559, -0.8711571097373962, -0.8726208209991455, -0.8784766793251038, -0.9121522903442383, 0.05002357438206673, 0.09034660458564758, 0.02869109809398651], "std": [0.3329342305660248, 0.3329342305660248, 0.3329342305660248, 0.018064334988594055, 0.3329342305660248, 0.08346781134605408, 0.008930273354053497, 0.3329342305660248, 0.07288157194852829, 0.01146064605563879, 0.3329342305660248, 0.09347972273826599, 0.30356940627098083, 0.3329342305660248, 0.33223608136177063, 0.16435877978801727, 0.3312029540538788, 0.29620108008384705, 0.023333990946412086, 0.3312029540538788, 0.12441598623991013, 0.06506914645433426, 0.3329342305660248, 0.2158728539943695, 0.05734412744641304, 0.3329342305660248, 0.19468794763088226, 0.12199585139751434, 0.4117283225059509, 0.24327121675014496, 0.13534314930438995, 0.4117283225059509, 0.2517161965370178, 0.2603510618209839, 0.4117283225059509, 0.3580423891544342, 0.609760046005249, 0.6424723267555237, 0.6267815232276917, 0.6232852935791016, 0.6041525602340698, 0.5771891474723816, 0.4801267087459564, 0.6363679766654968, 0.607800304889679, 0.604425847530365, 0.5906212329864502, 0.505443811416626, 0.15500721335411072, 0.24815677106380463, 0.07660035043954849], "count": 2049.0}